# https://github.com/mikedh/trimesh
v -0.84375000 5.28125000 0.00000000
v -0.84375000 4.71875000 0.00000000
v -0.84375000 5.28125000 0.11000000
v -0.84375000 4.71875000 0.11000000
v -0.85192263 4.65144253 0.11000000
v -0.85192263 4.65144253 0.00000000
v -0.87596548 4.58804655 0.11000000
v -0.87596548 4.58804655 0.00000000
v -0.91448134 4.53224659 0.11000000
v -0.91448134 4.53224659 0.00000000
v -0.96523178 4.48728561 0.11000000
v -0.96523178 4.48728561 0.00000000
v -1.02526736 4.45577669 0.11000000
v -1.02526736 4.45577669 0.00000000
v -1.09109902 4.43955088 0.11000000
v -1.09109902 4.43955088 0.00000000
v -1.15890098 4.43955088 0.11000000
v -1.15890098 4.43955088 0.00000000
v -1.22473264 4.45577669 0.11000000
v -1.22473264 4.45577669 0.00000000
v -1.28476822 4.48728561 0.11000000
v -1.28476822 4.48728561 0.00000000
v -1.33551860 4.53224659 0.11000000
v -1.33551860 4.53224659 0.00000000
v -1.37403452 4.58804655 0.11000000
v -1.37403452 4.58804655 0.00000000
v -1.39807737 4.65144253 0.11000000
v -1.39807737 4.65144253 0.00000000
v -1.40625000 4.71875000 0.11000000
v -1.40625000 4.71875000 0.00000000
v -1.40625000 5.28125000 0.00000000
v -1.40625000 5.28125000 0.11000000
v -1.39807737 5.34855747 0.11000000
v -1.39807737 5.34855747 0.00000000
v -1.37403452 5.41195345 0.11000000
v -1.37403452 5.41195345 0.00000000
v -1.33551860 5.46775341 0.11000000
v -1.33551860 5.46775341 0.00000000
v -1.28476822 5.51271439 0.11000000
v -1.28476822 5.51271439 0.00000000
v -1.22473264 5.54422331 0.11000000
v -1.22473264 5.54422331 0.00000000
v -1.15890098 5.56044960 0.11000000
v -1.15890098 5.56044960 0.00000000
v -1.09109902 5.56044960 0.11000000
v -1.09109902 5.56044960 0.00000000
v -1.02526736 5.54422331 0.11000000
v -1.02526736 5.54422331 0.00000000
v -0.96523178 5.51271439 0.11000000
v -0.96523178 5.51271439 0.00000000
v -0.91448134 5.46775341 0.11000000
v -0.91448134 5.46775341 0.00000000
v -0.87596548 5.41195345 0.11000000
v -0.87596548 5.41195345 0.00000000
v -0.85192263 5.34855747 0.11000000
v -0.85192263 5.34855747 0.00000000
v -0.84375000 7.28125000 0.00000000
v -0.84375000 6.71875000 0.00000000
v -0.84375000 7.28125000 0.11000000
v -0.84375000 6.71875000 0.11000000
v -0.85192263 6.65144253 0.11000000
v -0.85192263 6.65144253 0.00000000
v -0.87596548 6.58804655 0.11000000
v -0.87596548 6.58804655 0.00000000
v -0.91448134 6.53224659 0.11000000
v -0.91448134 6.53224659 0.00000000
v -0.96523178 6.48728561 0.11000000
v -0.96523178 6.48728561 0.00000000
v -1.02526736 6.45577669 0.11000000
v -1.02526736 6.45577669 0.00000000
v -1.09109902 6.43955088 0.11000000
v -1.09109902 6.43955088 0.00000000
v -1.15890098 6.43955088 0.11000000
v -1.15890098 6.43955088 0.00000000
v -1.22473264 6.45577669 0.11000000
v -1.22473264 6.45577669 0.00000000
v -1.28476822 6.48728561 0.11000000
v -1.28476822 6.48728561 0.00000000
v -1.33551860 6.53224659 0.11000000
v -1.33551860 6.53224659 0.00000000
v -1.37403452 6.58804655 0.11000000
v -1.37403452 6.58804655 0.00000000
v -1.39807737 6.65144253 0.11000000
v -1.39807737 6.65144253 0.00000000
v -1.40625000 6.71875000 0.11000000
v -1.40625000 6.71875000 0.00000000
v -1.40625000 7.28125000 0.00000000
v -1.40625000 7.28125000 0.11000000
v -1.39807737 7.34855747 0.11000000
v -1.39807737 7.34855747 0.00000000
v -1.37403452 7.41195345 0.11000000
v -1.37403452 7.41195345 0.00000000
v -1.33551860 7.46775341 0.11000000
v -1.33551860 7.46775341 0.00000000
v -1.28476822 7.51271439 0.11000000
v -1.28476822 7.51271439 0.00000000
v -1.22473264 7.54422331 0.11000000
v -1.22473264 7.54422331 0.00000000
v -1.15890098 7.56044960 0.11000000
v -1.15890098 7.56044960 0.00000000
v -1.09109902 7.56044960 0.11000000
v -1.09109902 7.56044960 0.00000000
v -1.02526736 7.54422331 0.11000000
v -1.02526736 7.54422331 0.00000000
v -0.96523178 7.51271439 0.11000000
v -0.96523178 7.51271439 0.00000000
v -0.91448134 7.46775341 0.11000000
v -0.91448134 7.46775341 0.00000000
v -0.87596548 7.41195345 0.11000000
v -0.87596548 7.41195345 0.00000000
v -0.85192263 7.34855747 0.11000000
v -0.85192263 7.34855747 0.00000000
v -0.84375000 3.28125000 0.00000000
v -0.84375000 2.71875000 0.00000000
v -0.84375000 3.28125000 0.11000000
v -0.84375000 2.71875000 0.11000000
v -0.85192263 2.65144253 0.11000000
v -0.85192263 2.65144253 0.00000000
v -0.87596548 2.58804655 0.11000000
v -0.87596548 2.58804655 0.00000000
v -0.91448134 2.53224683 0.11000000
v -0.91448134 2.53224683 0.00000000
v -0.96523178 2.48728585 0.11000000
v -0.96523178 2.48728585 0.00000000
v -1.02526736 2.45577669 0.11000000
v -1.02526736 2.45577669 0.00000000
v -1.09109902 2.43955064 0.11000000
v -1.09109902 2.43955064 0.00000000
v -1.15890098 2.43955064 0.11000000
v -1.15890098 2.43955064 0.00000000
v -1.22473264 2.45577669 0.11000000
v -1.22473264 2.45577669 0.00000000
v -1.28476822 2.48728585 0.11000000
v -1.28476822 2.48728585 0.00000000
v -1.33551860 2.53224683 0.11000000
v -1.33551860 2.53224683 0.00000000
v -1.37403452 2.58804655 0.11000000
v -1.37403452 2.58804655 0.00000000
v -1.39807737 2.65144253 0.11000000
v -1.39807737 2.65144253 0.00000000
v -1.40625000 2.71875000 0.11000000
v -1.40625000 2.71875000 0.00000000
v -1.40625000 3.28125000 0.00000000
v -1.40625000 3.28125000 0.11000000
v -1.39807737 3.34855747 0.11000000
v -1.39807737 3.34855747 0.00000000
v -1.37403452 3.41195345 0.11000000
v -1.37403452 3.41195345 0.00000000
v -1.33551860 3.46775317 0.11000000
v -1.33551860 3.46775317 0.00000000
v -1.28476822 3.51271415 0.11000000
v -1.28476822 3.51271415 0.00000000
v -1.22473264 3.54422331 0.11000000
v -1.22473264 3.54422331 0.00000000
v -1.15890098 3.56044936 0.11000000
v -1.15890098 3.56044936 0.00000000
v -1.09109902 3.56044936 0.11000000
v -1.09109902 3.56044936 0.00000000
v -1.02526736 3.54422331 0.11000000
v -1.02526736 3.54422331 0.00000000
v -0.96523178 3.51271415 0.11000000
v -0.96523178 3.51271415 0.00000000
v -0.91448134 3.46775317 0.11000000
v -0.91448134 3.46775317 0.00000000
v -0.87596548 3.41195345 0.11000000
v -0.87596548 3.41195345 0.00000000
v -0.85192263 3.34855747 0.11000000
v -0.85192263 3.34855747 0.00000000
v -0.84375000 1.28125000 0.00000000
v -0.84375000 0.71875006 0.00000000
v -0.84375000 1.28125000 0.11000000
v -0.84375000 0.71875006 0.11000000
v -0.85192263 0.65144253 0.11000000
v -0.85192263 0.65144253 0.00000000
v -0.87596548 0.58804661 0.11000000
v -0.87596548 0.58804661 0.00000000
v -0.91448134 0.53224677 0.11000000
v -0.91448134 0.53224677 0.00000000
v -0.96523178 0.48728582 0.11000000
v -0.96523178 0.48728582 0.00000000
v -1.02526736 0.45577672 0.11000000
v -1.02526736 0.45577672 0.00000000
v -1.09109902 0.43955067 0.11000000
v -1.09109902 0.43955067 0.00000000
v -1.15890098 0.43955067 0.11000000
v -1.15890098 0.43955067 0.00000000
v -1.22473264 0.45577672 0.11000000
v -1.22473264 0.45577672 0.00000000
v -1.28476822 0.48728582 0.11000000
v -1.28476822 0.48728582 0.00000000
v -1.33551860 0.53224677 0.11000000
v -1.33551860 0.53224677 0.00000000
v -1.37403452 0.58804661 0.11000000
v -1.37403452 0.58804661 0.00000000
v -1.39807737 0.65144253 0.11000000
v -1.39807737 0.65144253 0.00000000
v -1.40625000 0.71875006 0.11000000
v -1.40625000 0.71875006 0.00000000
v -1.40625000 1.28125000 0.00000000
v -1.40625000 1.28125000 0.11000000
v -1.39807737 1.34855759 0.11000000
v -1.39807737 1.34855759 0.00000000
v -1.37403452 1.41195345 0.11000000
v -1.37403452 1.41195345 0.00000000
v -1.33551860 1.46775329 0.11000000
v -1.33551860 1.46775329 0.00000000
v -1.28476822 1.51271427 0.11000000
v -1.28476822 1.51271427 0.00000000
v -1.22473264 1.54422331 0.11000000
v -1.22473264 1.54422331 0.00000000
v -1.15890098 1.56044936 0.11000000
v -1.15890098 1.56044936 0.00000000
v -1.09109902 1.56044936 0.11000000
v -1.09109902 1.56044936 0.00000000
v -1.02526736 1.54422331 0.11000000
v -1.02526736 1.54422331 0.00000000
v -0.96523178 1.51271427 0.11000000
v -0.96523178 1.51271427 0.00000000
v -0.91448134 1.46775329 0.11000000
v -0.91448134 1.46775329 0.00000000
v -0.87596548 1.41195345 0.11000000
v -0.87596548 1.41195345 0.00000000
v -0.85192263 1.34855759 0.11000000
v -0.85192263 1.34855759 0.00000000
v -0.84375000 9.28125000 0.00000000
v -0.84375000 8.71875000 0.00000000
v -0.84375000 9.28125000 0.11000000
v -0.84375000 8.71875000 0.11000000
v -0.85192263 8.65144253 0.11000000
v -0.85192263 8.65144253 0.00000000
v -0.87596548 8.58804703 0.11000000
v -0.87596548 8.58804703 0.00000000
v -0.91448134 8.53224659 0.11000000
v -0.91448134 8.53224659 0.00000000
v -0.96523178 8.48728561 0.11000000
v -0.96523178 8.48728561 0.00000000
v -1.02526736 8.45577717 0.11000000
v -1.02526736 8.45577717 0.00000000
v -1.09109902 8.43955040 0.11000000
v -1.09109902 8.43955040 0.00000000
v -1.15890098 8.43955040 0.11000000
v -1.15890098 8.43955040 0.00000000
v -1.22473264 8.45577717 0.11000000
v -1.22473264 8.45577717 0.00000000
v -1.28476822 8.48728561 0.11000000
v -1.28476822 8.48728561 0.00000000
v -1.33551860 8.53224659 0.11000000
v -1.33551860 8.53224659 0.00000000
v -1.37403452 8.58804703 0.11000000
v -1.37403452 8.58804703 0.00000000
v -1.39807737 8.65144253 0.11000000
v -1.39807737 8.65144253 0.00000000
v -1.40625000 8.71875000 0.11000000
v -1.40625000 8.71875000 0.00000000
v -1.40625000 9.28125000 0.00000000
v -1.40625000 9.28125000 0.11000000
v -1.39807737 9.34855747 0.11000000
v -1.39807737 9.34855747 0.00000000
v -1.37403452 9.41195297 0.11000000
v -1.37403452 9.41195297 0.00000000
v -1.33551860 9.46775341 0.11000000
v -1.33551860 9.46775341 0.00000000
v -1.28476822 9.51271439 0.11000000
v -1.28476822 9.51271439 0.00000000
v -1.22473264 9.54422379 0.11000000
v -1.22473264 9.54422379 0.00000000
v -1.15890098 9.56044960 0.11000000
v -1.15890098 9.56044960 0.00000000
v -1.09109902 9.56044960 0.11000000
v -1.09109902 9.56044960 0.00000000
v -1.02526736 9.54422379 0.11000000
v -1.02526736 9.54422379 0.00000000
v -0.96523178 9.51271439 0.11000000
v -0.96523178 9.51271439 0.00000000
v -0.91448134 9.46775341 0.11000000
v -0.91448134 9.46775341 0.00000000
v -0.87596548 9.41195297 0.11000000
v -0.87596548 9.41195297 0.00000000
v -0.85192263 9.34855747 0.11000000
v -0.85192263 9.34855747 0.00000000
v -0.84375000 11.28125000 0.00000000
v -0.84375000 10.71875000 0.00000000
v -0.84375000 11.28125000 0.11000000
v -0.84375000 10.71875000 0.11000000
v -0.85192263 10.65144253 0.11000000
v -0.85192263 10.65144253 0.00000000
v -0.87596548 10.58804703 0.11000000
v -0.87596548 10.58804703 0.00000000
v -0.91448134 10.53224659 0.11000000
v -0.91448134 10.53224659 0.00000000
v -0.96523178 10.48728561 0.11000000
v -0.96523178 10.48728561 0.00000000
v -1.02526736 10.45577717 0.11000000
v -1.02526736 10.45577717 0.00000000
v -1.09109902 10.43955040 0.11000000
v -1.09109902 10.43955040 0.00000000
v -1.15890098 10.43955040 0.11000000
v -1.15890098 10.43955040 0.00000000
v -1.22473264 10.45577717 0.11000000
v -1.22473264 10.45577717 0.00000000
v -1.28476822 10.48728561 0.11000000
v -1.28476822 10.48728561 0.00000000
v -1.33551860 10.53224659 0.11000000
v -1.33551860 10.53224659 0.00000000
v -1.37403452 10.58804703 0.11000000
v -1.37403452 10.58804703 0.00000000
v -1.39807737 10.65144253 0.11000000
v -1.39807737 10.65144253 0.00000000
v -1.40625000 10.71875000 0.11000000
v -1.40625000 10.71875000 0.00000000
v -1.40625000 11.28125000 0.00000000
v -1.40625000 11.28125000 0.11000000
v -1.39807737 11.34855747 0.11000000
v -1.39807737 11.34855747 0.00000000
v -1.37403452 11.41195297 0.11000000
v -1.37403452 11.41195297 0.00000000
v -1.33551860 11.46775341 0.11000000
v -1.33551860 11.46775341 0.00000000
v -1.28476822 11.51271439 0.11000000
v -1.28476822 11.51271439 0.00000000
v -1.22473264 11.54422379 0.11000000
v -1.22473264 11.54422379 0.00000000
v -1.15890098 11.56044960 0.11000000
v -1.15890098 11.56044960 0.00000000
v -1.09109902 11.56044960 0.11000000
v -1.09109902 11.56044960 0.00000000
v -1.02526736 11.54422379 0.11000000
v -1.02526736 11.54422379 0.00000000
v -0.96523178 11.51271439 0.11000000
v -0.96523178 11.51271439 0.00000000
v -0.91448134 11.46775341 0.11000000
v -0.91448134 11.46775341 0.00000000
v -0.87596548 11.41195297 0.11000000
v -0.87596548 11.41195297 0.00000000
v -0.85192263 11.34855747 0.11000000
v -0.85192263 11.34855747 0.00000000
v -0.00000000 0.00000000 4.50000000
v 0.00000000 0.00000000 0.00000000
v -0.00000000 12.00000000 4.50000000
v 0.00000000 12.00000000 0.00000000
v -0.68750000 0.00000000 4.50000000
v -0.68750000 12.00000000 4.50000000
v -0.68750000 0.00000000 4.27500010
v -0.68750000 12.00000000 4.27500010
v -0.57937407 0.00000000 4.26076508
v -0.57937407 0.30769232 4.26076508
v -0.57749999 0.00000000 4.27500010
v -0.57937407 0.61538464 4.26076508
v -0.57937407 0.92307693 4.26076508
v -0.58486861 0.92307693 4.24749994
v -0.58486861 1.23076928 4.24749994
v -0.59360909 1.23076928 4.23610926
v -0.59360909 1.53846157 4.23610926
v -0.60499996 1.53846157 4.22736883
v -0.60499996 1.84615386 4.22736883
v -0.61826491 1.84615386 4.22187424
v -0.61826491 2.15384626 4.22187424
v -0.63249999 2.15384626 4.21999979
v -0.63249999 2.46153855 4.21999979
v -0.64673501 2.46153855 4.22187424
v -0.64673501 2.76923084 4.22187424
v -0.65999997 2.76923084 4.22736883
v -0.65999997 3.07692313 4.22736883
v -0.67139089 3.07692313 4.23610926
v -0.67139089 3.38461542 4.23610926
v -0.68013138 3.38461542 4.24749994
v -0.68013138 3.69230771 4.24749994
v -0.68562591 3.69230771 4.26076508
v -0.68562591 4.00000000 4.26076508
v -0.68562591 4.30769253 4.26076508
v -0.68562591 4.61538458 4.26076508
v -0.68013138 4.30769253 4.24749994
v -0.68013138 4.61538458 4.24749994
v -0.67139089 4.30769253 4.23610926
v -0.67139089 4.61538458 4.23610926
v -0.65999997 4.30769253 4.22736883
v -0.65999997 4.61538458 4.22736883
v -0.64673501 4.30769253 4.22187424
v -0.64673501 4.61538458 4.22187424
v -0.63249999 4.30769253 4.21999979
v -0.63249999 4.61538458 4.21999979
v -0.61826491 4.30769253 4.22187424
v -0.61826491 4.61538458 4.22187424
v -0.60499996 4.30769253 4.22736883
v -0.60499996 4.61538458 4.22736883
v -0.59360909 4.30769253 4.23610926
v -0.59360909 4.61538458 4.23610926
v -0.58486861 4.30769253 4.24749994
v -0.58486861 4.61538458 4.24749994
v -0.57937407 4.30769253 4.26076508
v -0.57937407 4.61538458 4.26076508
v -0.57937407 4.92307711 4.26076508
v -0.57937407 5.23076916 4.26076508
v -0.58486861 5.23076916 4.24749994
v -0.58486861 5.53846169 4.24749994
v -0.59360909 5.53846169 4.23610926
v -0.59360909 5.84615374 4.23610926
v -0.60499996 5.84615374 4.22736883
v -0.60499996 6.15384626 4.22736883
v -0.61826491 6.15384626 4.22187424
v -0.61826491 6.46153831 4.22187424
v -0.63249999 6.46153831 4.21999979
v -0.63249999 6.76923084 4.21999979
v -0.64673501 6.76923084 4.22187424
v -0.64673501 7.07692289 4.22187424
v -0.65999997 7.07692289 4.22736883
v -0.65999997 7.38461542 4.22736883
v -0.67139089 7.38461542 4.23610926
v -0.67139089 7.69230747 4.23610926
v -0.68013138 7.69230747 4.24749994
v -0.68013138 8.00000000 4.24749994
v -0.68562591 8.00000000 4.26076508
v -0.68562591 8.30769253 4.26076508
v -0.68562591 8.61538506 4.26076508
v -0.68562591 8.92307663 4.26076508
v -0.68013138 8.61538506 4.24749994
v -0.68013138 8.92307663 4.24749994
v -0.67139089 8.61538506 4.23610926
v -0.67139089 8.92307663 4.23610926
v -0.65999997 8.61538506 4.22736883
v -0.65999997 8.92307663 4.22736883
v -0.64673501 8.61538506 4.22187424
v -0.64673501 8.92307663 4.22187424
v -0.63249999 8.61538506 4.21999979
v -0.63249999 8.92307663 4.21999979
v -0.61826491 8.61538506 4.22187424
v -0.61826491 8.92307663 4.22187424
v -0.60499996 8.61538506 4.22736883
v -0.60499996 8.92307663 4.22736883
v -0.59360909 8.61538506 4.23610926
v -0.59360909 8.92307663 4.23610926
v -0.58486861 8.61538506 4.24749994
v -0.58486861 8.92307663 4.24749994
v -0.57937407 8.61538506 4.26076508
v -0.57937407 8.92307663 4.26076508
v -0.57749999 12.00000000 4.27500010
v -0.57937407 9.23076916 4.26076508
v -0.57937407 9.53846169 4.26076508
v -0.58486861 9.53846169 4.24749994
v -0.58486861 9.84615421 4.24749994
v -0.59360909 9.84615421 4.23610926
v -0.59360909 10.15384579 4.23610926
v -0.60499996 10.15384579 4.22736883
v -0.60499996 10.46153831 4.22736883
v -0.61826491 10.46153831 4.22187424
v -0.61826491 10.76923084 4.22187424
v -0.63249999 10.76923084 4.21999979
v -0.63249999 11.07692337 4.21999979
v -0.64673501 11.07692337 4.22187424
v -0.64673501 11.38461494 4.22187424
v -0.65999997 11.38461494 4.22736883
v -0.65999997 11.69230747 4.22736883
v -0.67139089 11.69230747 4.23610926
v -0.67139089 12.00000000 4.23610926
v -0.68013138 12.00000000 4.24749994
v -0.68013138 11.69230747 4.24749994
v -0.68562591 12.00000000 4.26076508
v -0.68562591 11.69230747 4.26076508
v -0.68562591 11.38461494 4.26076508
v -0.68562591 11.07692337 4.26076508
v -0.68013138 11.07692337 4.24749994
v -0.68013138 10.76923084 4.24749994
v -0.67139089 10.76923084 4.23610926
v -0.67139089 10.46153831 4.23610926
v -0.65999997 10.46153831 4.22736883
v -0.65999997 10.15384579 4.22736883
v -0.64673501 10.15384579 4.22187424
v -0.64673501 9.84615421 4.22187424
v -0.63249999 9.84615421 4.21999979
v -0.63249999 9.53846169 4.21999979
v -0.61826491 9.53846169 4.22187424
v -0.61826491 9.23076916 4.22187424
v -0.60499996 9.23076916 4.22736883
v -0.58486861 0.30769232 4.24749994
v -0.58486861 0.00000000 4.24749994
v -0.59360909 0.30769232 4.23610926
v -0.59360909 0.00000000 4.23610926
v -0.60499996 0.30769232 4.22736883
v -0.60499996 0.00000000 4.22736883
v -0.61826491 0.30769232 4.22187424
v -0.61826491 0.00000000 4.22187424
v -0.63249999 0.30769232 4.21999979
v -0.63249999 0.00000000 4.21999979
v -0.64673501 0.30769232 4.22187424
v -0.64673501 0.00000000 4.22187424
v -0.65999997 0.30769232 4.22736883
v -0.65999997 0.00000000 4.22736883
v -0.67139089 0.30769232 4.23610926
v -0.67139089 0.00000000 4.23610926
v -0.68013138 0.30769232 4.24749994
v -0.68013138 0.00000000 4.24749994
v -0.68562591 0.30769232 4.26076508
v -0.68562591 0.00000000 4.26076508
v -0.68562591 5.84615374 4.26076508
v -0.68562591 5.53846169 4.26076508
v -0.68562591 5.23076916 4.26076508
v -0.68013138 5.23076916 4.24749994
v -0.68013138 4.92307711 4.24749994
v -0.67139089 4.92307711 4.23610926
v -0.65999997 12.00000000 4.22736883
v -0.64673501 11.69230747 4.22187424
v -0.63249999 11.38461494 4.21999979
v -0.61826491 11.07692337 4.22187424
v -0.60499996 10.76923084 4.22736883
v -0.59360909 10.46153831 4.23610926
v -0.58486861 10.15384579 4.24749994
v -0.57937407 9.84615421 4.26076508
v -0.64673501 12.00000000 4.22187424
v -0.63249999 11.69230747 4.21999979
v -0.61826491 11.38461494 4.22187424
v -0.60499996 11.07692337 4.22736883
v -0.59360909 10.76923084 4.23610926
v -0.58486861 10.46153831 4.24749994
v -0.57937407 10.15384579 4.26076508
v -0.63249999 12.00000000 4.21999979
v -0.61826491 11.69230747 4.22187424
v -0.60499996 11.38461494 4.22736883
v -0.59360909 11.07692337 4.23610926
v -0.58486861 10.76923084 4.24749994
v -0.57937407 10.46153831 4.26076508
v -0.61826491 12.00000000 4.22187424
v -0.60499996 11.69230747 4.22736883
v -0.59360909 11.38461494 4.23610926
v -0.58486861 11.07692337 4.24749994
v -0.57937407 10.76923084 4.26076508
v -0.60499996 12.00000000 4.22736883
v -0.59360909 11.69230747 4.23610926
v -0.58486861 11.38461494 4.24749994
v -0.57937407 11.07692337 4.26076508
v -0.59360909 12.00000000 4.23610926
v -0.58486861 11.69230747 4.24749994
v -0.57937407 11.38461494 4.26076508
v -0.58486861 12.00000000 4.24749994
v -0.57937407 11.69230747 4.26076508
v -0.57937407 12.00000000 4.26076508
v -0.57937407 6.15384626 4.26076508
v -0.57937407 6.46153831 4.26076508
v -0.57937407 6.76923084 4.26076508
v -0.58486861 6.76923084 4.24749994
v -0.58486861 7.07692289 4.24749994
v -0.59360909 7.07692289 4.23610926
v -0.59360909 7.38461542 4.23610926
v -0.60499996 7.38461542 4.22736883
v -0.60499996 7.69230747 4.22736883
v -0.61826491 7.69230747 4.22187424
v -0.61826491 8.00000000 4.22187424
v -0.63249999 8.00000000 4.21999979
v -0.63249999 8.30769253 4.21999979
v -0.64673501 8.30769253 4.22187424
v -0.58486861 0.61538464 4.24749994
v -0.59360909 0.61538464 4.23610926
v -0.60499996 0.61538464 4.22736883
v -0.61826491 0.61538464 4.22187424
v -0.63249999 0.61538464 4.21999979
v -0.64673501 0.61538464 4.22187424
v -0.65999997 0.61538464 4.22736883
v -0.67139089 0.61538464 4.23610926
v -0.68013138 0.61538464 4.24749994
v -0.68562591 0.61538464 4.26076508
v -0.57937407 1.23076928 4.26076508
v -0.57937407 1.53846157 4.26076508
v -0.57937407 1.84615386 4.26076508
v -0.58486861 1.84615386 4.24749994
v -0.58486861 2.15384626 4.24749994
v -0.59360909 2.15384626 4.23610926
v -0.59360909 2.46153855 4.23610926
v -0.60499996 2.46153855 4.22736883
v -0.60499996 2.76923084 4.22736883
v -0.61826491 2.76923084 4.22187424
v -0.61826491 3.07692313 4.22187424
v -0.63249999 3.07692313 4.21999979
v -0.63249999 3.38461542 4.21999979
v -0.64673501 3.38461542 4.22187424
v -0.64673501 3.69230771 4.22187424
v -0.65999997 3.69230771 4.22736883
v -0.65999997 4.00000000 4.22736883
v -0.67139089 4.00000000 4.23610926
v -0.58486861 1.53846157 4.24749994
v -0.57937407 2.15384626 4.26076508
v -0.57937407 2.46153855 4.26076508
v -0.57937407 2.76923084 4.26076508
v -0.58486861 2.76923084 4.24749994
v -0.58486861 3.07692313 4.24749994
v -0.59360909 3.07692313 4.23610926
v -0.59360909 3.38461542 4.23610926
v -0.60499996 3.38461542 4.22736883
v -0.60499996 3.69230771 4.22736883
v -0.61826491 3.69230771 4.22187424
v -0.61826491 4.00000000 4.22187424
v -0.63249999 4.00000000 4.21999979
v -0.58486861 2.46153855 4.24749994
v -0.57937407 3.07692313 4.26076508
v -0.57937407 3.38461542 4.26076508
v -0.57937407 3.69230771 4.26076508
v -0.58486861 3.69230771 4.24749994
v -0.58486861 4.00000000 4.24749994
v -0.59360909 4.00000000 4.23610926
v -0.58486861 3.38461542 4.24749994
v -0.57937407 4.00000000 4.26076508
v -0.58486861 4.92307711 4.24749994
v -0.59360909 4.92307711 4.23610926
v -0.60499996 4.92307711 4.22736883
v -0.61826491 4.92307711 4.22187424
v -0.63249999 4.92307711 4.21999979
v -0.64673501 4.92307711 4.22187424
v -0.65999997 4.92307711 4.22736883
v -0.57937407 5.53846169 4.26076508
v -0.57937407 5.84615374 4.26076508
v -0.58486861 6.15384626 4.24749994
v -0.58486861 6.46153831 4.24749994
v -0.59360909 6.46153831 4.23610926
v -0.59360909 6.76923084 4.23610926
v -0.60499996 6.76923084 4.22736883
v -0.60499996 7.07692289 4.22736883
v -0.61826491 7.07692289 4.22187424
v -0.61826491 7.38461542 4.22187424
v -0.63249999 7.38461542 4.21999979
v -0.63249999 7.69230747 4.21999979
v -0.64673501 7.69230747 4.22187424
v -0.64673501 8.00000000 4.22187424
v -0.65999997 8.00000000 4.22736883
v -0.65999997 8.30769253 4.22736883
v -0.67139089 8.30769253 4.23610926
v -0.58486861 5.84615374 4.24749994
v -0.57937407 7.07692289 4.26076508
v -0.57937407 7.38461542 4.26076508
v -0.57937407 7.69230747 4.26076508
v -0.58486861 7.69230747 4.24749994
v -0.58486861 8.00000000 4.24749994
v -0.59360909 8.00000000 4.23610926
v -0.59360909 8.30769253 4.23610926
v -0.60499996 8.30769253 4.22736883
v -0.58486861 7.38461542 4.24749994
v -0.57937407 8.00000000 4.26076508
v -0.57937407 8.30769253 4.26076508
v -0.58486861 8.30769253 4.24749994
v -0.58486861 9.23076916 4.24749994
v -0.59360909 9.23076916 4.23610926
v -0.59360909 0.92307693 4.23610926
v -0.60499996 1.23076928 4.22736883
v -0.61826491 1.53846157 4.22187424
v -0.63249999 1.84615386 4.21999979
v -0.64673501 2.15384626 4.22187424
v -0.65999997 2.46153855 4.22736883
v -0.67139089 2.76923084 4.23610926
v -0.68013138 3.07692313 4.24749994
v -0.68562591 3.38461542 4.26076508
v -0.59360909 1.84615386 4.23610926
v -0.59360909 2.76923084 4.23610926
v -0.59360909 3.69230771 4.23610926
v -0.59360909 5.23076916 4.23610926
v -0.60499996 5.53846169 4.22736883
v -0.61826491 5.84615374 4.22187424
v -0.63249999 6.15384626 4.21999979
v -0.64673501 6.46153831 4.22187424
v -0.65999997 6.76923084 4.22736883
v -0.67139089 7.07692289 4.23610926
v -0.68013138 7.38461542 4.24749994
v -0.68562591 7.69230747 4.26076508
v -0.59360909 6.15384626 4.23610926
v -0.59360909 7.69230747 4.23610926
v -0.59360909 9.53846169 4.23610926
v -0.60499996 9.84615421 4.22736883
v -0.61826491 10.15384579 4.22187424
v -0.63249999 10.46153831 4.21999979
v -0.64673501 10.76923084 4.22187424
v -0.65999997 11.07692337 4.22736883
v -0.67139089 11.38461494 4.23610926
v -0.60499996 0.92307693 4.22736883
v -0.61826491 0.92307693 4.22187424
v -0.63249999 0.92307693 4.21999979
v -0.64673501 0.92307693 4.22187424
v -0.65999997 0.92307693 4.22736883
v -0.67139089 0.92307693 4.23610926
v -0.68013138 0.92307693 4.24749994
v -0.68562591 0.92307693 4.26076508
v -0.60499996 2.15384626 4.22736883
v -0.60499996 3.07692313 4.22736883
v -0.60499996 4.00000000 4.22736883
v -0.60499996 5.23076916 4.22736883
v -0.61826491 5.23076916 4.22187424
v -0.63249999 5.23076916 4.21999979
v -0.64673501 5.23076916 4.22187424
v -0.65999997 5.23076916 4.22736883
v -0.67139089 5.23076916 4.23610926
v -0.60499996 6.46153831 4.22736883
v -0.60499996 8.00000000 4.22736883
v -0.60499996 9.53846169 4.22736883
v -0.61826491 1.23076928 4.22187424
v -0.63249999 1.53846157 4.21999979
v -0.64673501 1.84615386 4.22187424
v -0.65999997 2.15384626 4.22736883
v -0.67139089 2.46153855 4.23610926
v -0.68013138 2.76923084 4.24749994
v -0.68562591 3.07692313 4.26076508
v -0.61826491 2.46153855 4.22187424
v -0.61826491 3.38461542 4.22187424
v -0.61826491 5.53846169 4.22187424
v -0.63249999 5.84615374 4.21999979
v -0.64673501 6.15384626 4.22187424
v -0.65999997 6.46153831 4.22736883
v -0.67139089 6.76923084 4.23610926
v -0.68013138 7.07692289 4.24749994
v -0.68562591 7.38461542 4.26076508
v -0.61826491 6.76923084 4.22187424
v -0.61826491 8.30769253 4.22187424
v -0.61826491 9.84615421 4.22187424
v -0.63249999 10.15384579 4.21999979
v -0.64673501 10.46153831 4.22187424
v -0.65999997 10.76923084 4.22736883
v -0.67139089 11.07692337 4.23610926
v -0.68013138 11.38461494 4.24749994
v -0.63249999 1.23076928 4.21999979
v -0.64673501 1.23076928 4.22187424
v -0.65999997 1.23076928 4.22736883
v -0.67139089 1.23076928 4.23610926
v -0.68013138 1.23076928 4.24749994
v -0.68562591 1.23076928 4.26076508
v -0.63249999 2.76923084 4.21999979
v -0.63249999 3.69230771 4.21999979
v -0.63249999 5.53846169 4.21999979
v -0.64673501 5.53846169 4.22187424
v -0.65999997 5.53846169 4.22736883
v -0.67139089 5.53846169 4.23610926
v -0.68013138 5.53846169 4.24749994
v -0.63249999 7.07692289 4.21999979
v -0.63249999 9.23076916 4.21999979
v -0.64673501 9.23076916 4.22187424
v -0.65999997 9.23076916 4.22736883
v -0.67139089 9.23076916 4.23610926
v -0.68013138 9.23076916 4.24749994
v -0.68562591 9.23076916 4.26076508
v -0.64673501 1.53846157 4.22187424
v -0.65999997 1.84615386 4.22736883
v -0.67139089 2.15384626 4.23610926
v -0.68013138 2.46153855 4.24749994
v -0.68562591 2.76923084 4.26076508
v -0.64673501 3.07692313 4.22187424
v -0.64673501 4.00000000 4.22187424
v -0.64673501 5.84615374 4.22187424
v -0.65999997 6.15384626 4.22736883
v -0.67139089 6.46153831 4.23610926
v -0.68013138 6.76923084 4.24749994
v -0.68562591 7.07692289 4.26076508
v -0.64673501 7.38461542 4.22187424
v -0.64673501 9.53846169 4.22187424
v -0.65999997 9.84615421 4.22736883
v -0.67139089 10.15384579 4.23610926
v -0.68013138 10.46153831 4.24749994
v -0.68562591 10.76923084 4.26076508
v -0.65999997 1.53846157 4.22736883
v -0.67139089 1.53846157 4.23610926
v -0.68013138 1.53846157 4.24749994
v -0.68562591 1.53846157 4.26076508
v -0.65999997 3.38461542 4.22736883
v -0.65999997 5.84615374 4.22736883
v -0.67139089 5.84615374 4.23610926
v -0.68013138 5.84615374 4.24749994
v -0.65999997 7.69230747 4.22736883
v -0.65999997 9.53846169 4.22736883
v -0.67139089 9.53846169 4.23610926
v -0.68013138 9.53846169 4.24749994
v -0.68562591 9.53846169 4.26076508
v -0.67139089 1.84615386 4.23610926
v -0.68013138 2.15384626 4.24749994
v -0.68562591 2.46153855 4.26076508
v -0.67139089 3.69230771 4.23610926
v -0.67139089 6.15384626 4.23610926
v -0.68013138 6.46153831 4.24749994
v -0.68562591 6.76923084 4.26076508
v -0.67139089 8.00000000 4.23610926
v -0.67139089 9.84615421 4.23610926
v -0.68013138 10.15384579 4.24749994
v -0.68562591 10.46153831 4.26076508
v -0.68013138 1.84615386 4.24749994
v -0.68562591 1.84615386 4.26076508
v -0.68013138 4.00000000 4.24749994
v -0.68013138 6.15384626 4.24749994
v -0.68562591 6.15384626 4.26076508
v -0.68013138 8.30769253 4.24749994
v -0.68013138 9.84615421 4.24749994
v -0.68562591 9.84615421 4.26076508
v -0.68562591 2.15384626 4.26076508
v -0.68562591 4.92307711 4.26076508
v -0.68562591 6.46153831 4.26076508
v -0.68562591 10.15384579 4.26076508
v -0.57749999 0.00000000 4.38999987
v -0.57749999 12.00000000 4.38999987
v -0.10999998 0.00000000 4.38999987
v -0.10999998 12.00000000 4.38999987
v -0.11000000 0.00000000 0.11000000
v -0.11000000 12.00000000 0.11000000
v -2.14000010 0.00000000 0.11000000
v -2.14000010 12.00000000 0.11000000
v -2.14000010 0.00000000 4.38999987
v -2.14000010 12.00000000 4.38999987
v -1.67250001 0.00000000 4.38999987
v -1.67250001 12.00000000 4.38999987
v -1.67250001 0.00000000 4.27500010
v -1.67250001 12.00000000 4.27500010
v -1.56437409 0.00000000 4.26076508
v -1.56437409 0.30769232 4.26076508
v -1.56250000 0.00000000 4.27500010
v -1.56437409 0.61538464 4.26076508
v -1.56437409 0.92307693 4.26076508
v -1.56986856 0.92307693 4.24749994
v -1.56986856 1.23076928 4.24749994
v -1.57860911 1.23076928 4.23610926
v -1.57860911 1.53846157 4.23610926
v -1.59000003 1.53846157 4.22736883
v -1.59000003 1.84615386 4.22736883
v -1.60326493 1.84615386 4.22187424
v -1.60326493 2.15384626 4.22187424
v -1.61749995 2.15384626 4.21999979
v -1.61749995 2.46153855 4.21999979
v -1.63173509 2.46153855 4.22187424
v -1.63173509 2.76923084 4.22187424
v -1.64499998 2.76923084 4.22736883
v -1.64499998 3.07692313 4.22736883
v -1.65639091 3.07692313 4.23610926
v -1.65639091 3.38461542 4.23610926
v -1.66513145 3.38461542 4.24749994
v -1.66513145 3.69230771 4.24749994
v -1.67062593 3.69230771 4.26076508
v -1.67062593 4.00000000 4.26076508
v -1.67062593 4.30769253 4.26076508
v -1.67062593 4.61538458 4.26076508
v -1.66513145 4.30769253 4.24749994
v -1.66513145 4.61538458 4.24749994
v -1.65639091 4.30769253 4.23610926
v -1.65639091 4.61538458 4.23610926
v -1.64499998 4.30769253 4.22736883
v -1.64499998 4.61538458 4.22736883
v -1.63173509 4.30769253 4.22187424
v -1.63173509 4.61538458 4.22187424
v -1.61749995 4.30769253 4.21999979
v -1.61749995 4.61538458 4.21999979
v -1.60326493 4.30769253 4.22187424
v -1.60326493 4.61538458 4.22187424
v -1.59000003 4.30769253 4.22736883
v -1.59000003 4.61538458 4.22736883
v -1.57860911 4.30769253 4.23610926
v -1.57860911 4.61538458 4.23610926
v -1.56986856 4.30769253 4.24749994
v -1.56986856 4.61538458 4.24749994
v -1.56437409 4.30769253 4.26076508
v -1.56437409 4.61538458 4.26076508
v -1.56437409 4.92307711 4.26076508
v -1.56437409 5.23076916 4.26076508
v -1.56986856 5.23076916 4.24749994
v -1.56986856 5.53846169 4.24749994
v -1.57860911 5.53846169 4.23610926
v -1.57860911 5.84615374 4.23610926
v -1.59000003 5.84615374 4.22736883
v -1.59000003 6.15384626 4.22736883
v -1.60326493 6.15384626 4.22187424
v -1.60326493 6.46153831 4.22187424
v -1.61749995 6.46153831 4.21999979
v -1.61749995 6.76923084 4.21999979
v -1.63173509 6.76923084 4.22187424
v -1.63173509 7.07692289 4.22187424
v -1.64499998 7.07692289 4.22736883
v -1.64499998 7.38461542 4.22736883
v -1.65639091 7.38461542 4.23610926
v -1.65639091 7.69230747 4.23610926
v -1.66513145 7.69230747 4.24749994
v -1.66513145 8.00000000 4.24749994
v -1.67062593 8.00000000 4.26076508
v -1.67062593 8.30769253 4.26076508
v -1.67062593 8.61538506 4.26076508
v -1.67062593 8.92307663 4.26076508
v -1.66513145 8.61538506 4.24749994
v -1.66513145 8.92307663 4.24749994
v -1.65639091 8.61538506 4.23610926
v -1.65639091 8.92307663 4.23610926
v -1.64499998 8.61538506 4.22736883
v -1.64499998 8.92307663 4.22736883
v -1.63173509 8.61538506 4.22187424
v -1.63173509 8.92307663 4.22187424
v -1.61749995 8.61538506 4.21999979
v -1.61749995 8.92307663 4.21999979
v -1.60326493 8.61538506 4.22187424
v -1.60326493 8.92307663 4.22187424
v -1.59000003 8.61538506 4.22736883
v -1.59000003 8.92307663 4.22736883
v -1.57860911 8.61538506 4.23610926
v -1.57860911 8.92307663 4.23610926
v -1.56986856 8.61538506 4.24749994
v -1.56986856 8.92307663 4.24749994
v -1.56437409 8.61538506 4.26076508
v -1.56437409 8.92307663 4.26076508
v -1.56250000 12.00000000 4.27500010
v -1.56437409 9.23076916 4.26076508
v -1.56437409 9.53846169 4.26076508
v -1.56986856 9.53846169 4.24749994
v -1.56986856 9.84615421 4.24749994
v -1.57860911 9.84615421 4.23610926
v -1.57860911 10.15384579 4.23610926
v -1.59000003 10.15384579 4.22736883
v -1.59000003 10.46153831 4.22736883
v -1.60326493 10.46153831 4.22187424
v -1.60326493 10.76923084 4.22187424
v -1.61749995 10.76923084 4.21999979
v -1.61749995 11.07692337 4.21999979
v -1.63173509 11.07692337 4.22187424
v -1.63173509 11.38461494 4.22187424
v -1.64499998 11.38461494 4.22736883
v -1.64499998 11.69230747 4.22736883
v -1.65639091 11.69230747 4.23610926
v -1.65639091 12.00000000 4.23610926
v -1.66513145 12.00000000 4.24749994
v -1.66513145 11.69230747 4.24749994
v -1.67062593 12.00000000 4.26076508
v -1.67062593 11.69230747 4.26076508
v -1.67062593 11.38461494 4.26076508
v -1.67062593 11.07692337 4.26076508
v -1.66513145 11.07692337 4.24749994
v -1.66513145 10.76923084 4.24749994
v -1.65639091 10.76923084 4.23610926
v -1.65639091 10.46153831 4.23610926
v -1.64499998 10.46153831 4.22736883
v -1.64499998 10.15384579 4.22736883
v -1.63173509 10.15384579 4.22187424
v -1.63173509 9.84615421 4.22187424
v -1.61749995 9.84615421 4.21999979
v -1.61749995 9.53846169 4.21999979
v -1.60326493 9.53846169 4.22187424
v -1.60326493 9.23076916 4.22187424
v -1.59000003 9.23076916 4.22736883
v -1.56986856 0.30769232 4.24749994
v -1.56986856 0.00000000 4.24749994
v -1.57860911 0.30769232 4.23610926
v -1.57860911 0.00000000 4.23610926
v -1.59000003 0.30769232 4.22736883
v -1.59000003 0.00000000 4.22736883
v -1.60326493 0.30769232 4.22187424
v -1.60326493 0.00000000 4.22187424
v -1.61749995 0.30769232 4.21999979
v -1.61749995 0.00000000 4.21999979
v -1.63173509 0.30769232 4.22187424
v -1.63173509 0.00000000 4.22187424
v -1.64499998 0.30769232 4.22736883
v -1.64499998 0.00000000 4.22736883
v -1.65639091 0.30769232 4.23610926
v -1.65639091 0.00000000 4.23610926
v -1.66513145 0.30769232 4.24749994
v -1.66513145 0.00000000 4.24749994
v -1.67062593 0.30769232 4.26076508
v -1.67062593 0.00000000 4.26076508
v -1.67062593 5.84615374 4.26076508
v -1.67062593 5.53846169 4.26076508
v -1.67062593 5.23076916 4.26076508
v -1.66513145 5.23076916 4.24749994
v -1.66513145 4.92307711 4.24749994
v -1.65639091 4.92307711 4.23610926
v -1.64499998 12.00000000 4.22736883
v -1.63173509 11.69230747 4.22187424
v -1.61749995 11.38461494 4.21999979
v -1.60326493 11.07692337 4.22187424
v -1.59000003 10.76923084 4.22736883
v -1.57860911 10.46153831 4.23610926
v -1.56986856 10.15384579 4.24749994
v -1.56437409 9.84615421 4.26076508
v -1.63173509 12.00000000 4.22187424
v -1.61749995 11.69230747 4.21999979
v -1.60326493 11.38461494 4.22187424
v -1.59000003 11.07692337 4.22736883
v -1.57860911 10.76923084 4.23610926
v -1.56986856 10.46153831 4.24749994
v -1.56437409 10.15384579 4.26076508
v -1.61749995 12.00000000 4.21999979
v -1.60326493 11.69230747 4.22187424
v -1.59000003 11.38461494 4.22736883
v -1.57860911 11.07692337 4.23610926
v -1.56986856 10.76923084 4.24749994
v -1.56437409 10.46153831 4.26076508
v -1.60326493 12.00000000 4.22187424
v -1.59000003 11.69230747 4.22736883
v -1.57860911 11.38461494 4.23610926
v -1.56986856 11.07692337 4.24749994
v -1.56437409 10.76923084 4.26076508
v -1.59000003 12.00000000 4.22736883
v -1.57860911 11.69230747 4.23610926
v -1.56986856 11.38461494 4.24749994
v -1.56437409 11.07692337 4.26076508
v -1.57860911 12.00000000 4.23610926
v -1.56986856 11.69230747 4.24749994
v -1.56437409 11.38461494 4.26076508
v -1.56986856 12.00000000 4.24749994
v -1.56437409 11.69230747 4.26076508
v -1.56437409 12.00000000 4.26076508
v -1.56437409 6.15384626 4.26076508
v -1.56437409 6.46153831 4.26076508
v -1.56437409 6.76923084 4.26076508
v -1.56986856 6.76923084 4.24749994
v -1.56986856 7.07692289 4.24749994
v -1.57860911 7.07692289 4.23610926
v -1.57860911 7.38461542 4.23610926
v -1.59000003 7.38461542 4.22736883
v -1.59000003 7.69230747 4.22736883
v -1.60326493 7.69230747 4.22187424
v -1.60326493 8.00000000 4.22187424
v -1.61749995 8.00000000 4.21999979
v -1.61749995 8.30769253 4.21999979
v -1.63173509 8.30769253 4.22187424
v -1.56986856 0.61538464 4.24749994
v -1.57860911 0.61538464 4.23610926
v -1.59000003 0.61538464 4.22736883
v -1.60326493 0.61538464 4.22187424
v -1.61749995 0.61538464 4.21999979
v -1.63173509 0.61538464 4.22187424
v -1.64499998 0.61538464 4.22736883
v -1.65639091 0.61538464 4.23610926
v -1.66513145 0.61538464 4.24749994
v -1.67062593 0.61538464 4.26076508
v -1.56437409 1.23076928 4.26076508
v -1.56437409 1.53846157 4.26076508
v -1.56437409 1.84615386 4.26076508
v -1.56986856 1.84615386 4.24749994
v -1.56986856 2.15384626 4.24749994
v -1.57860911 2.15384626 4.23610926
v -1.57860911 2.46153855 4.23610926
v -1.59000003 2.46153855 4.22736883
v -1.59000003 2.76923084 4.22736883
v -1.60326493 2.76923084 4.22187424
v -1.60326493 3.07692313 4.22187424
v -1.61749995 3.07692313 4.21999979
v -1.61749995 3.38461542 4.21999979
v -1.63173509 3.38461542 4.22187424
v -1.63173509 3.69230771 4.22187424
v -1.64499998 3.69230771 4.22736883
v -1.64499998 4.00000000 4.22736883
v -1.65639091 4.00000000 4.23610926
v -1.56986856 1.53846157 4.24749994
v -1.56437409 2.15384626 4.26076508
v -1.56437409 2.46153855 4.26076508
v -1.56437409 2.76923084 4.26076508
v -1.56986856 2.76923084 4.24749994
v -1.56986856 3.07692313 4.24749994
v -1.57860911 3.07692313 4.23610926
v -1.57860911 3.38461542 4.23610926
v -1.59000003 3.38461542 4.22736883
v -1.59000003 3.69230771 4.22736883
v -1.60326493 3.69230771 4.22187424
v -1.60326493 4.00000000 4.22187424
v -1.61749995 4.00000000 4.21999979
v -1.56986856 2.46153855 4.24749994
v -1.56437409 3.07692313 4.26076508
v -1.56437409 3.38461542 4.26076508
v -1.56437409 3.69230771 4.26076508
v -1.56986856 3.69230771 4.24749994
v -1.56986856 4.00000000 4.24749994
v -1.57860911 4.00000000 4.23610926
v -1.56986856 3.38461542 4.24749994
v -1.56437409 4.00000000 4.26076508
v -1.56986856 4.92307711 4.24749994
v -1.57860911 4.92307711 4.23610926
v -1.59000003 4.92307711 4.22736883
v -1.60326493 4.92307711 4.22187424
v -1.61749995 4.92307711 4.21999979
v -1.63173509 4.92307711 4.22187424
v -1.64499998 4.92307711 4.22736883
v -1.56437409 5.53846169 4.26076508
v -1.56437409 5.84615374 4.26076508
v -1.56986856 6.15384626 4.24749994
v -1.56986856 6.46153831 4.24749994
v -1.57860911 6.46153831 4.23610926
v -1.57860911 6.76923084 4.23610926
v -1.59000003 6.76923084 4.22736883
v -1.59000003 7.07692289 4.22736883
v -1.60326493 7.07692289 4.22187424
v -1.60326493 7.38461542 4.22187424
v -1.61749995 7.38461542 4.21999979
v -1.61749995 7.69230747 4.21999979
v -1.63173509 7.69230747 4.22187424
v -1.63173509 8.00000000 4.22187424
v -1.64499998 8.00000000 4.22736883
v -1.64499998 8.30769253 4.22736883
v -1.65639091 8.30769253 4.23610926
v -1.56986856 5.84615374 4.24749994
v -1.56437409 7.07692289 4.26076508
v -1.56437409 7.38461542 4.26076508
v -1.56437409 7.69230747 4.26076508
v -1.56986856 7.69230747 4.24749994
v -1.56986856 8.00000000 4.24749994
v -1.57860911 8.00000000 4.23610926
v -1.57860911 8.30769253 4.23610926
v -1.59000003 8.30769253 4.22736883
v -1.56986856 7.38461542 4.24749994
v -1.56437409 8.00000000 4.26076508
v -1.56437409 8.30769253 4.26076508
v -1.56986856 8.30769253 4.24749994
v -1.56986856 9.23076916 4.24749994
v -1.57860911 9.23076916 4.23610926
v -1.57860911 0.92307693 4.23610926
v -1.59000003 1.23076928 4.22736883
v -1.60326493 1.53846157 4.22187424
v -1.61749995 1.84615386 4.21999979
v -1.63173509 2.15384626 4.22187424
v -1.64499998 2.46153855 4.22736883
v -1.65639091 2.76923084 4.23610926
v -1.66513145 3.07692313 4.24749994
v -1.67062593 3.38461542 4.26076508
v -1.57860911 1.84615386 4.23610926
v -1.57860911 2.76923084 4.23610926
v -1.57860911 3.69230771 4.23610926
v -1.57860911 5.23076916 4.23610926
v -1.59000003 5.53846169 4.22736883
v -1.60326493 5.84615374 4.22187424
v -1.61749995 6.15384626 4.21999979
v -1.63173509 6.46153831 4.22187424
v -1.64499998 6.76923084 4.22736883
v -1.65639091 7.07692289 4.23610926
v -1.66513145 7.38461542 4.24749994
v -1.67062593 7.69230747 4.26076508
v -1.57860911 6.15384626 4.23610926
v -1.57860911 7.69230747 4.23610926
v -1.57860911 9.53846169 4.23610926
v -1.59000003 9.84615421 4.22736883
v -1.60326493 10.15384579 4.22187424
v -1.61749995 10.46153831 4.21999979
v -1.63173509 10.76923084 4.22187424
v -1.64499998 11.07692337 4.22736883
v -1.65639091 11.38461494 4.23610926
v -1.59000003 0.92307693 4.22736883
v -1.60326493 0.92307693 4.22187424
v -1.61749995 0.92307693 4.21999979
v -1.63173509 0.92307693 4.22187424
v -1.64499998 0.92307693 4.22736883
v -1.65639091 0.92307693 4.23610926
v -1.66513145 0.92307693 4.24749994
v -1.67062593 0.92307693 4.26076508
v -1.59000003 2.15384626 4.22736883
v -1.59000003 3.07692313 4.22736883
v -1.59000003 4.00000000 4.22736883
v -1.59000003 5.23076916 4.22736883
v -1.60326493 5.23076916 4.22187424
v -1.61749995 5.23076916 4.21999979
v -1.63173509 5.23076916 4.22187424
v -1.64499998 5.23076916 4.22736883
v -1.65639091 5.23076916 4.23610926
v -1.59000003 6.46153831 4.22736883
v -1.59000003 8.00000000 4.22736883
v -1.59000003 9.53846169 4.22736883
v -1.60326493 1.23076928 4.22187424
v -1.61749995 1.53846157 4.21999979
v -1.63173509 1.84615386 4.22187424
v -1.64499998 2.15384626 4.22736883
v -1.65639091 2.46153855 4.23610926
v -1.66513145 2.76923084 4.24749994
v -1.67062593 3.07692313 4.26076508
v -1.60326493 2.46153855 4.22187424
v -1.60326493 3.38461542 4.22187424
v -1.60326493 5.53846169 4.22187424
v -1.61749995 5.84615374 4.21999979
v -1.63173509 6.15384626 4.22187424
v -1.64499998 6.46153831 4.22736883
v -1.65639091 6.76923084 4.23610926
v -1.66513145 7.07692289 4.24749994
v -1.67062593 7.38461542 4.26076508
v -1.60326493 6.76923084 4.22187424
v -1.60326493 8.30769253 4.22187424
v -1.60326493 9.84615421 4.22187424
v -1.61749995 10.15384579 4.21999979
v -1.63173509 10.46153831 4.22187424
v -1.64499998 10.76923084 4.22736883
v -1.65639091 11.07692337 4.23610926
v -1.66513145 11.38461494 4.24749994
v -1.61749995 1.23076928 4.21999979
v -1.63173509 1.23076928 4.22187424
v -1.64499998 1.23076928 4.22736883
v -1.65639091 1.23076928 4.23610926
v -1.66513145 1.23076928 4.24749994
v -1.67062593 1.23076928 4.26076508
v -1.61749995 2.76923084 4.21999979
v -1.61749995 3.69230771 4.21999979
v -1.61749995 5.53846169 4.21999979
v -1.63173509 5.53846169 4.22187424
v -1.64499998 5.53846169 4.22736883
v -1.65639091 5.53846169 4.23610926
v -1.66513145 5.53846169 4.24749994
v -1.61749995 7.07692289 4.21999979
v -1.61749995 9.23076916 4.21999979
v -1.63173509 9.23076916 4.22187424
v -1.64499998 9.23076916 4.22736883
v -1.65639091 9.23076916 4.23610926
v -1.66513145 9.23076916 4.24749994
v -1.67062593 9.23076916 4.26076508
v -1.63173509 1.53846157 4.22187424
v -1.64499998 1.84615386 4.22736883
v -1.65639091 2.15384626 4.23610926
v -1.66513145 2.46153855 4.24749994
v -1.67062593 2.76923084 4.26076508
v -1.63173509 3.07692313 4.22187424
v -1.63173509 4.00000000 4.22187424
v -1.63173509 5.84615374 4.22187424
v -1.64499998 6.15384626 4.22736883
v -1.65639091 6.46153831 4.23610926
v -1.66513145 6.76923084 4.24749994
v -1.67062593 7.07692289 4.26076508
v -1.63173509 7.38461542 4.22187424
v -1.63173509 9.53846169 4.22187424
v -1.64499998 9.84615421 4.22736883
v -1.65639091 10.15384579 4.23610926
v -1.66513145 10.46153831 4.24749994
v -1.67062593 10.76923084 4.26076508
v -1.64499998 1.53846157 4.22736883
v -1.65639091 1.53846157 4.23610926
v -1.66513145 1.53846157 4.24749994
v -1.67062593 1.53846157 4.26076508
v -1.64499998 3.38461542 4.22736883
v -1.64499998 5.84615374 4.22736883
v -1.65639091 5.84615374 4.23610926
v -1.66513145 5.84615374 4.24749994
v -1.64499998 7.69230747 4.22736883
v -1.64499998 9.53846169 4.22736883
v -1.65639091 9.53846169 4.23610926
v -1.66513145 9.53846169 4.24749994
v -1.67062593 9.53846169 4.26076508
v -1.65639091 1.84615386 4.23610926
v -1.66513145 2.15384626 4.24749994
v -1.67062593 2.46153855 4.26076508
v -1.65639091 3.69230771 4.23610926
v -1.65639091 6.15384626 4.23610926
v -1.66513145 6.46153831 4.24749994
v -1.67062593 6.76923084 4.26076508
v -1.65639091 8.00000000 4.23610926
v -1.65639091 9.84615421 4.23610926
v -1.66513145 10.15384579 4.24749994
v -1.67062593 10.46153831 4.26076508
v -1.66513145 1.84615386 4.24749994
v -1.67062593 1.84615386 4.26076508
v -1.66513145 4.00000000 4.24749994
v -1.66513145 6.15384626 4.24749994
v -1.67062593 6.15384626 4.26076508
v -1.66513145 8.30769253 4.24749994
v -1.66513145 9.84615421 4.24749994
v -1.67062593 9.84615421 4.26076508
v -1.67062593 2.15384626 4.26076508
v -1.67062593 4.92307711 4.26076508
v -1.67062593 6.46153831 4.26076508
v -1.67062593 10.15384579 4.26076508
v -1.56250000 0.00000000 4.50000000
v -1.56250000 12.00000000 4.50000000
v -2.25000000 0.00000000 4.50000000
v -2.25000000 12.00000000 4.50000000
v -2.25000000 0.00000000 0.00000000
v -2.25000000 12.00000000 0.00000000
v 0.84375000 9.28125000 0.11000000
v 0.84375000 9.28125000 0.00000000
v 0.85192263 9.34855747 0.11000000
v 0.85192263 9.34855747 0.00000000
v 0.87596548 9.41195297 0.11000000
v 0.87596548 9.41195297 0.00000000
v 0.91448134 9.46775341 0.11000000
v 0.91448134 9.46775341 0.00000000
v 0.96523178 9.51271439 0.11000000
v 0.96523178 9.51271439 0.00000000
v 1.02526736 9.54422379 0.11000000
v 1.02526736 9.54422379 0.00000000
v 1.09109902 9.56044960 0.11000000
v 1.09109902 9.56044960 0.00000000
v 1.15890098 9.56044960 0.11000000
v 1.15890098 9.56044960 0.00000000
v 1.22473264 9.54422379 0.11000000
v 1.22473264 9.54422379 0.00000000
v 1.28476822 9.51271439 0.11000000
v 1.28476822 9.51271439 0.00000000
v 1.33551860 9.46775341 0.11000000
v 1.33551860 9.46775341 0.00000000
v 1.37403452 9.41195297 0.11000000
v 1.37403452 9.41195297 0.00000000
v 1.39807737 9.34855747 0.11000000
v 1.39807737 9.34855747 0.00000000
v 1.40625000 9.28125000 0.11000000
v 1.40625000 9.28125000 0.00000000
v 1.40625000 8.71875000 0.00000000
v 1.40625000 8.71875000 0.11000000
v 1.39807737 8.65144253 0.11000000
v 1.39807737 8.65144253 0.00000000
v 1.37403452 8.58804703 0.11000000
v 1.37403452 8.58804703 0.00000000
v 1.33551860 8.53224659 0.11000000
v 1.33551860 8.53224659 0.00000000
v 1.28476822 8.48728561 0.11000000
v 1.28476822 8.48728561 0.00000000
v 1.22473264 8.45577621 0.11000000
v 1.22473264 8.45577621 0.00000000
v 1.15890098 8.43955040 0.11000000
v 1.15890098 8.43955040 0.00000000
v 1.09109902 8.43955040 0.11000000
v 1.09109902 8.43955040 0.00000000
v 1.02526736 8.45577621 0.11000000
v 1.02526736 8.45577621 0.00000000
v 0.96523178 8.48728561 0.11000000
v 0.96523178 8.48728561 0.00000000
v 0.91448134 8.53224659 0.11000000
v 0.91448134 8.53224659 0.00000000
v 0.87596548 8.58804703 0.11000000
v 0.87596548 8.58804703 0.00000000
v 0.85192263 8.65144253 0.11000000
v 0.85192263 8.65144253 0.00000000
v 0.84375000 8.71875000 0.11000000
v 0.84375000 8.71875000 0.00000000
v 0.84375000 3.28125000 0.11000000
v 0.84375000 3.28125000 0.00000000
v 0.85192263 3.34855747 0.11000000
v 0.85192263 3.34855747 0.00000000
v 0.87596548 3.41195345 0.11000000
v 0.87596548 3.41195345 0.00000000
v 0.91448134 3.46775317 0.11000000
v 0.91448134 3.46775317 0.00000000
v 0.96523178 3.51271415 0.11000000
v 0.96523178 3.51271415 0.00000000
v 1.02526736 3.54422331 0.11000000
v 1.02526736 3.54422331 0.00000000
v 1.09109902 3.56044936 0.11000000
v 1.09109902 3.56044936 0.00000000
v 1.15890098 3.56044936 0.11000000
v 1.15890098 3.56044936 0.00000000
v 1.22473264 3.54422331 0.11000000
v 1.22473264 3.54422331 0.00000000
v 1.28476822 3.51271415 0.11000000
v 1.28476822 3.51271415 0.00000000
v 1.33551860 3.46775317 0.11000000
v 1.33551860 3.46775317 0.00000000
v 1.37403452 3.41195345 0.11000000
v 1.37403452 3.41195345 0.00000000
v 1.39807737 3.34855747 0.11000000
v 1.39807737 3.34855747 0.00000000
v 1.40625000 3.28125000 0.11000000
v 1.40625000 3.28125000 0.00000000
v 1.40625000 2.71875000 0.00000000
v 1.40625000 2.71875000 0.11000000
v 1.39807737 2.65144253 0.11000000
v 1.39807737 2.65144253 0.00000000
v 1.37403452 2.58804655 0.11000000
v 1.37403452 2.58804655 0.00000000
v 1.33551860 2.53224683 0.11000000
v 1.33551860 2.53224683 0.00000000
v 1.28476822 2.48728585 0.11000000
v 1.28476822 2.48728585 0.00000000
v 1.22473264 2.45577669 0.11000000
v 1.22473264 2.45577669 0.00000000
v 1.15890098 2.43955064 0.11000000
v 1.15890098 2.43955064 0.00000000
v 1.09109902 2.43955064 0.11000000
v 1.09109902 2.43955064 0.00000000
v 1.02526736 2.45577669 0.11000000
v 1.02526736 2.45577669 0.00000000
v 0.96523178 2.48728585 0.11000000
v 0.96523178 2.48728585 0.00000000
v 0.91448134 2.53224683 0.11000000
v 0.91448134 2.53224683 0.00000000
v 0.87596548 2.58804655 0.11000000
v 0.87596548 2.58804655 0.00000000
v 0.85192263 2.65144253 0.11000000
v 0.85192263 2.65144253 0.00000000
v 0.84375000 2.71875000 0.11000000
v 0.84375000 2.71875000 0.00000000
v 0.84375000 5.28125000 0.11000000
v 0.84375000 5.28125000 0.00000000
v 0.85192263 5.34855747 0.11000000
v 0.85192263 5.34855747 0.00000000
v 0.87596548 5.41195345 0.11000000
v 0.87596548 5.41195345 0.00000000
v 0.91448134 5.46775341 0.11000000
v 0.91448134 5.46775341 0.00000000
v 0.96523178 5.51271439 0.11000000
v 0.96523178 5.51271439 0.00000000
v 1.02526736 5.54422331 0.11000000
v 1.02526736 5.54422331 0.00000000
v 1.09109902 5.56044960 0.11000000
v 1.09109902 5.56044960 0.00000000
v 1.15890098 5.56044960 0.11000000
v 1.15890098 5.56044960 0.00000000
v 1.22473264 5.54422331 0.11000000
v 1.22473264 5.54422331 0.00000000
v 1.28476822 5.51271439 0.11000000
v 1.28476822 5.51271439 0.00000000
v 1.33551860 5.46775341 0.11000000
v 1.33551860 5.46775341 0.00000000
v 1.37403452 5.41195345 0.11000000
v 1.37403452 5.41195345 0.00000000
v 1.39807737 5.34855747 0.11000000
v 1.39807737 5.34855747 0.00000000
v 1.40625000 5.28125000 0.11000000
v 1.40625000 5.28125000 0.00000000
v 1.40625000 4.71875000 0.00000000
v 1.40625000 4.71875000 0.11000000
v 1.39807737 4.65144253 0.11000000
v 1.39807737 4.65144253 0.00000000
v 1.37403452 4.58804655 0.11000000
v 1.37403452 4.58804655 0.00000000
v 1.33551860 4.53224659 0.11000000
v 1.33551860 4.53224659 0.00000000
v 1.28476822 4.48728561 0.11000000
v 1.28476822 4.48728561 0.00000000
v 1.22473264 4.45577669 0.11000000
v 1.22473264 4.45577669 0.00000000
v 1.15890098 4.43955040 0.11000000
v 1.15890098 4.43955040 0.00000000
v 1.09109902 4.43955040 0.11000000
v 1.09109902 4.43955040 0.00000000
v 1.02526736 4.45577669 0.11000000
v 1.02526736 4.45577669 0.00000000
v 0.96523178 4.48728561 0.11000000
v 0.96523178 4.48728561 0.00000000
v 0.91448134 4.53224659 0.11000000
v 0.91448134 4.53224659 0.00000000
v 0.87596548 4.58804655 0.11000000
v 0.87596548 4.58804655 0.00000000
v 0.85192263 4.65144253 0.11000000
v 0.85192263 4.65144253 0.00000000
v 0.84375000 4.71875000 0.11000000
v 0.84375000 4.71875000 0.00000000
v 0.84375000 7.28125000 0.11000000
v 0.84375000 7.28125000 0.00000000
v 0.85192263 7.34855747 0.11000000
v 0.85192263 7.34855747 0.00000000
v 0.87596548 7.41195345 0.11000000
v 0.87596548 7.41195345 0.00000000
v 0.91448134 7.46775341 0.11000000
v 0.91448134 7.46775341 0.00000000
v 0.96523178 7.51271439 0.11000000
v 0.96523178 7.51271439 0.00000000
v 1.02526736 7.54422331 0.11000000
v 1.02526736 7.54422331 0.00000000
v 1.09109902 7.56044960 0.11000000
v 1.09109902 7.56044960 0.00000000
v 1.15890098 7.56044960 0.11000000
v 1.15890098 7.56044960 0.00000000
v 1.22473264 7.54422331 0.11000000
v 1.22473264 7.54422331 0.00000000
v 1.28476822 7.51271439 0.11000000
v 1.28476822 7.51271439 0.00000000
v 1.33551860 7.46775341 0.11000000
v 1.33551860 7.46775341 0.00000000
v 1.37403452 7.41195345 0.11000000
v 1.37403452 7.41195345 0.00000000
v 1.39807737 7.34855747 0.11000000
v 1.39807737 7.34855747 0.00000000
v 1.40625000 7.28125000 0.11000000
v 1.40625000 7.28125000 0.00000000
v 1.40625000 6.71875000 0.00000000
v 1.40625000 6.71875000 0.11000000
v 1.39807737 6.65144253 0.11000000
v 1.39807737 6.65144253 0.00000000
v 1.37403452 6.58804655 0.11000000
v 1.37403452 6.58804655 0.00000000
v 1.33551860 6.53224659 0.11000000
v 1.33551860 6.53224659 0.00000000
v 1.28476822 6.48728561 0.11000000
v 1.28476822 6.48728561 0.00000000
v 1.22473264 6.45577669 0.11000000
v 1.22473264 6.45577669 0.00000000
v 1.15890098 6.43955040 0.11000000
v 1.15890098 6.43955040 0.00000000
v 1.09109902 6.43955040 0.11000000
v 1.09109902 6.43955040 0.00000000
v 1.02526736 6.45577669 0.11000000
v 1.02526736 6.45577669 0.00000000
v 0.96523178 6.48728561 0.11000000
v 0.96523178 6.48728561 0.00000000
v 0.91448134 6.53224659 0.11000000
v 0.91448134 6.53224659 0.00000000
v 0.87596548 6.58804655 0.11000000
v 0.87596548 6.58804655 0.00000000
v 0.85192263 6.65144253 0.11000000
v 0.85192263 6.65144253 0.00000000
v 0.84375000 6.71875000 0.11000000
v 0.84375000 6.71875000 0.00000000
v 0.84375000 11.28125000 0.11000000
v 0.84375000 11.28125000 0.00000000
v 0.85192263 11.34855747 0.11000000
v 0.85192263 11.34855747 0.00000000
v 0.87596548 11.41195297 0.11000000
v 0.87596548 11.41195297 0.00000000
v 0.91448134 11.46775341 0.11000000
v 0.91448134 11.46775341 0.00000000
v 0.96523178 11.51271439 0.11000000
v 0.96523178 11.51271439 0.00000000
v 1.02526736 11.54422379 0.11000000
v 1.02526736 11.54422379 0.00000000
v 1.09109902 11.56044960 0.11000000
v 1.09109902 11.56044960 0.00000000
v 1.15890098 11.56044960 0.11000000
v 1.15890098 11.56044960 0.00000000
v 1.22473264 11.54422379 0.11000000
v 1.22473264 11.54422379 0.00000000
v 1.28476822 11.51271439 0.11000000
v 1.28476822 11.51271439 0.00000000
v 1.33551860 11.46775341 0.11000000
v 1.33551860 11.46775341 0.00000000
v 1.37403452 11.41195297 0.11000000
v 1.37403452 11.41195297 0.00000000
v 1.39807737 11.34855747 0.11000000
v 1.39807737 11.34855747 0.00000000
v 1.40625000 11.28125000 0.11000000
v 1.40625000 11.28125000 0.00000000
v 1.40625000 10.71875000 0.00000000
v 1.40625000 10.71875000 0.11000000
v 1.39807737 10.65144253 0.11000000
v 1.39807737 10.65144253 0.00000000
v 1.37403452 10.58804703 0.11000000
v 1.37403452 10.58804703 0.00000000
v 1.33551860 10.53224659 0.11000000
v 1.33551860 10.53224659 0.00000000
v 1.28476822 10.48728561 0.11000000
v 1.28476822 10.48728561 0.00000000
v 1.22473264 10.45577621 0.11000000
v 1.22473264 10.45577621 0.00000000
v 1.15890098 10.43955040 0.11000000
v 1.15890098 10.43955040 0.00000000
v 1.09109902 10.43955040 0.11000000
v 1.09109902 10.43955040 0.00000000
v 1.02526736 10.45577621 0.11000000
v 1.02526736 10.45577621 0.00000000
v 0.96523178 10.48728561 0.11000000
v 0.96523178 10.48728561 0.00000000
v 0.91448134 10.53224659 0.11000000
v 0.91448134 10.53224659 0.00000000
v 0.87596548 10.58804703 0.11000000
v 0.87596548 10.58804703 0.00000000
v 0.85192263 10.65144253 0.11000000
v 0.85192263 10.65144253 0.00000000
v 0.84375000 10.71875000 0.11000000
v 0.84375000 10.71875000 0.00000000
v 1.40625000 1.28125000 0.00000000
v 1.40625000 0.71875000 0.00000000
v 1.40625000 1.28125000 0.11000000
v 1.40625000 0.71875000 0.11000000
v 1.39807737 0.65144247 0.11000000
v 1.39807737 0.65144247 0.00000000
v 1.37403452 0.58804661 0.11000000
v 1.37403452 0.58804661 0.00000000
v 1.33551860 0.53224677 0.11000000
v 1.33551860 0.53224677 0.00000000
v 1.28476822 0.48728579 0.11000000
v 1.28476822 0.48728579 0.00000000
v 1.22473264 0.45577669 0.11000000
v 1.22473264 0.45577669 0.00000000
v 1.15890098 0.43955064 0.11000000
v 1.15890098 0.43955064 0.00000000
v 1.09109902 0.43955064 0.11000000
v 1.09109902 0.43955064 0.00000000
v 1.02526736 0.45577669 0.11000000
v 1.02526736 0.45577669 0.00000000
v 0.96523178 0.48728579 0.11000000
v 0.96523178 0.48728579 0.00000000
v 0.91448134 0.53224677 0.11000000
v 0.91448134 0.53224677 0.00000000
v 0.87596548 0.58804661 0.11000000
v 0.87596548 0.58804661 0.00000000
v 0.85192263 0.65144247 0.11000000
v 0.85192263 0.65144247 0.00000000
v 0.84375000 0.71875000 0.11000000
v 0.84375000 0.71875000 0.00000000
v 0.84375000 1.28125000 0.00000000
v 0.84375000 1.28125000 0.11000000
v 0.85192263 1.34855747 0.11000000
v 0.85192263 1.34855747 0.00000000
v 0.87596548 1.41195345 0.11000000
v 0.87596548 1.41195345 0.00000000
v 0.91448134 1.46775329 0.11000000
v 0.91448134 1.46775329 0.00000000
v 0.96523178 1.51271427 0.11000000
v 0.96523178 1.51271427 0.00000000
v 1.02526736 1.54422331 0.11000000
v 1.02526736 1.54422331 0.00000000
v 1.09109902 1.56044936 0.11000000
v 1.09109902 1.56044936 0.00000000
v 1.15890098 1.56044936 0.11000000
v 1.15890098 1.56044936 0.00000000
v 1.22473264 1.54422331 0.11000000
v 1.22473264 1.54422331 0.00000000
v 1.28476822 1.51271427 0.11000000
v 1.28476822 1.51271427 0.00000000
v 1.33551860 1.46775329 0.11000000
v 1.33551860 1.46775329 0.00000000
v 1.37403452 1.41195345 0.11000000
v 1.37403452 1.41195345 0.00000000
v 1.39807737 1.34855747 0.11000000
v 1.39807737 1.34855747 0.00000000
v 2.25000000 0.00000000 4.50000000
v 2.25000000 0.00000000 0.00000000
v 2.25000000 12.00000000 4.50000000
v 2.25000000 12.00000000 0.00000000
v 1.56250000 0.00000000 4.50000000
v 1.56250000 12.00000000 4.50000000
v 1.56250000 0.00000000 4.27500010
v 1.56250000 12.00000000 4.27500010
v 1.67062593 0.00000000 4.26076508
v 1.67062593 0.30769232 4.26076508
v 1.67250001 0.00000000 4.27500010
v 1.67062593 0.61538464 4.26076508
v 1.67062593 0.92307693 4.26076508
v 1.66513145 0.92307693 4.24749994
v 1.66513145 1.23076928 4.24749994
v 1.65639091 1.23076928 4.23610926
v 1.65639091 1.53846157 4.23610926
v 1.64499998 1.53846157 4.22736883
v 1.64499998 1.84615386 4.22736883
v 1.63173509 1.84615386 4.22187424
v 1.63173509 2.15384626 4.22187424
v 1.61749995 2.15384626 4.21999979
v 1.61749995 2.46153855 4.21999979
v 1.60326493 2.46153855 4.22187424
v 1.60326493 2.76923084 4.22187424
v 1.59000003 2.76923084 4.22736883
v 1.59000003 3.07692313 4.22736883
v 1.57860911 3.07692313 4.23610926
v 1.57860911 3.38461542 4.23610926
v 1.56986856 3.38461542 4.24749994
v 1.56986856 3.69230771 4.24749994
v 1.56437409 3.69230771 4.26076508
v 1.56437409 4.00000000 4.26076508
v 1.56437409 4.30769253 4.26076508
v 1.56437409 4.61538458 4.26076508
v 1.56986856 4.30769253 4.24749994
v 1.56986856 4.61538458 4.24749994
v 1.57860911 4.30769253 4.23610926
v 1.57860911 4.61538458 4.23610926
v 1.59000003 4.30769253 4.22736883
v 1.59000003 4.61538458 4.22736883
v 1.60326493 4.30769253 4.22187424
v 1.60326493 4.61538458 4.22187424
v 1.61749995 4.30769253 4.21999979
v 1.61749995 4.61538458 4.21999979
v 1.63173509 4.30769253 4.22187424
v 1.63173509 4.61538458 4.22187424
v 1.64499998 4.30769253 4.22736883
v 1.64499998 4.61538458 4.22736883
v 1.65639091 4.30769253 4.23610926
v 1.65639091 4.61538458 4.23610926
v 1.66513145 4.30769253 4.24749994
v 1.66513145 4.61538458 4.24749994
v 1.67062593 4.30769253 4.26076508
v 1.67062593 4.61538458 4.26076508
v 1.67062593 4.92307711 4.26076508
v 1.67062593 5.23076916 4.26076508
v 1.66513145 5.23076916 4.24749994
v 1.66513145 5.53846169 4.24749994
v 1.65639091 5.53846169 4.23610926
v 1.65639091 5.84615374 4.23610926
v 1.64499998 5.84615374 4.22736883
v 1.64499998 6.15384626 4.22736883
v 1.63173509 6.15384626 4.22187424
v 1.63173509 6.46153831 4.22187424
v 1.61749995 6.46153831 4.21999979
v 1.61749995 6.76923084 4.21999979
v 1.60326493 6.76923084 4.22187424
v 1.60326493 7.07692289 4.22187424
v 1.59000003 7.07692289 4.22736883
v 1.59000003 7.38461542 4.22736883
v 1.57860911 7.38461542 4.23610926
v 1.57860911 7.69230747 4.23610926
v 1.56986856 7.69230747 4.24749994
v 1.56986856 8.00000000 4.24749994
v 1.56437409 8.00000000 4.26076508
v 1.56437409 8.30769253 4.26076508
v 1.56437409 8.61538506 4.26076508
v 1.56437409 8.92307663 4.26076508
v 1.56986856 8.61538506 4.24749994
v 1.56986856 8.92307663 4.24749994
v 1.57860911 8.61538506 4.23610926
v 1.57860911 8.92307663 4.23610926
v 1.59000003 8.61538506 4.22736883
v 1.59000003 8.92307663 4.22736883
v 1.60326493 8.61538506 4.22187424
v 1.60326493 8.92307663 4.22187424
v 1.61749995 8.61538506 4.21999979
v 1.61749995 8.92307663 4.21999979
v 1.63173509 8.61538506 4.22187424
v 1.63173509 8.92307663 4.22187424
v 1.64499998 8.61538506 4.22736883
v 1.64499998 8.92307663 4.22736883
v 1.65639091 8.61538506 4.23610926
v 1.65639091 8.92307663 4.23610926
v 1.66513145 8.61538506 4.24749994
v 1.66513145 8.92307663 4.24749994
v 1.67062593 8.61538506 4.26076508
v 1.67062593 8.92307663 4.26076508
v 1.67250001 12.00000000 4.27500010
v 1.67062593 9.23076916 4.26076508
v 1.67062593 9.53846169 4.26076508
v 1.66513145 9.53846169 4.24749994
v 1.66513145 9.84615421 4.24749994
v 1.65639091 9.84615421 4.23610926
v 1.65639091 10.15384579 4.23610926
v 1.64499998 10.15384579 4.22736883
v 1.64499998 10.46153831 4.22736883
v 1.63173509 10.46153831 4.22187424
v 1.63173509 10.76923084 4.22187424
v 1.61749995 10.76923084 4.21999979
v 1.61749995 11.07692337 4.21999979
v 1.60326493 11.07692337 4.22187424
v 1.60326493 11.38461494 4.22187424
v 1.59000003 11.38461494 4.22736883
v 1.59000003 11.69230747 4.22736883
v 1.57860911 11.69230747 4.23610926
v 1.57860911 12.00000000 4.23610926
v 1.56986856 12.00000000 4.24749994
v 1.56986856 11.69230747 4.24749994
v 1.56437409 12.00000000 4.26076508
v 1.56437409 11.69230747 4.26076508
v 1.56437409 11.38461494 4.26076508
v 1.56437409 11.07692337 4.26076508
v 1.56986856 11.07692337 4.24749994
v 1.56986856 10.76923084 4.24749994
v 1.57860911 10.76923084 4.23610926
v 1.57860911 10.46153831 4.23610926
v 1.59000003 10.46153831 4.22736883
v 1.59000003 10.15384579 4.22736883
v 1.60326493 10.15384579 4.22187424
v 1.60326493 9.84615421 4.22187424
v 1.61749995 9.84615421 4.21999979
v 1.61749995 9.53846169 4.21999979
v 1.63173509 9.53846169 4.22187424
v 1.63173509 9.23076916 4.22187424
v 1.64499998 9.23076916 4.22736883
v 1.66513145 0.30769232 4.24749994
v 1.66513145 0.00000000 4.24749994
v 1.65639091 0.30769232 4.23610926
v 1.65639091 0.00000000 4.23610926
v 1.64499998 0.30769232 4.22736883
v 1.64499998 0.00000000 4.22736883
v 1.63173509 0.30769232 4.22187424
v 1.63173509 0.00000000 4.22187424
v 1.61749995 0.30769232 4.21999979
v 1.61749995 0.00000000 4.21999979
v 1.60326493 0.30769232 4.22187424
v 1.60326493 0.00000000 4.22187424
v 1.59000003 0.30769232 4.22736883
v 1.59000003 0.00000000 4.22736883
v 1.57860911 0.30769232 4.23610926
v 1.57860911 0.00000000 4.23610926
v 1.56986856 0.30769232 4.24749994
v 1.56986856 0.00000000 4.24749994
v 1.56437409 0.30769232 4.26076508
v 1.56437409 0.00000000 4.26076508
v 1.56437409 5.84615374 4.26076508
v 1.56437409 5.53846169 4.26076508
v 1.56437409 5.23076916 4.26076508
v 1.56986856 5.23076916 4.24749994
v 1.56986856 4.92307711 4.24749994
v 1.57860911 4.92307711 4.23610926
v 1.59000003 12.00000000 4.22736883
v 1.60326493 11.69230747 4.22187424
v 1.61749995 11.38461494 4.21999979
v 1.63173509 11.07692337 4.22187424
v 1.64499998 10.76923084 4.22736883
v 1.65639091 10.46153831 4.23610926
v 1.66513145 10.15384579 4.24749994
v 1.67062593 9.84615421 4.26076508
v 1.60326493 12.00000000 4.22187424
v 1.61749995 11.69230747 4.21999979
v 1.63173509 11.38461494 4.22187424
v 1.64499998 11.07692337 4.22736883
v 1.65639091 10.76923084 4.23610926
v 1.66513145 10.46153831 4.24749994
v 1.67062593 10.15384579 4.26076508
v 1.61749995 12.00000000 4.21999979
v 1.63173509 11.69230747 4.22187424
v 1.64499998 11.38461494 4.22736883
v 1.65639091 11.07692337 4.23610926
v 1.66513145 10.76923084 4.24749994
v 1.67062593 10.46153831 4.26076508
v 1.63173509 12.00000000 4.22187424
v 1.64499998 11.69230747 4.22736883
v 1.65639091 11.38461494 4.23610926
v 1.66513145 11.07692337 4.24749994
v 1.67062593 10.76923084 4.26076508
v 1.64499998 12.00000000 4.22736883
v 1.65639091 11.69230747 4.23610926
v 1.66513145 11.38461494 4.24749994
v 1.67062593 11.07692337 4.26076508
v 1.65639091 12.00000000 4.23610926
v 1.66513145 11.69230747 4.24749994
v 1.67062593 11.38461494 4.26076508
v 1.66513145 12.00000000 4.24749994
v 1.67062593 11.69230747 4.26076508
v 1.67062593 12.00000000 4.26076508
v 1.67062593 6.15384626 4.26076508
v 1.67062593 6.46153831 4.26076508
v 1.67062593 6.76923084 4.26076508
v 1.66513145 6.76923084 4.24749994
v 1.66513145 7.07692289 4.24749994
v 1.65639091 7.07692289 4.23610926
v 1.65639091 7.38461542 4.23610926
v 1.64499998 7.38461542 4.22736883
v 1.64499998 7.69230747 4.22736883
v 1.63173509 7.69230747 4.22187424
v 1.63173509 8.00000000 4.22187424
v 1.61749995 8.00000000 4.21999979
v 1.61749995 8.30769253 4.21999979
v 1.60326493 8.30769253 4.22187424
v 1.66513145 0.61538464 4.24749994
v 1.65639091 0.61538464 4.23610926
v 1.64499998 0.61538464 4.22736883
v 1.63173509 0.61538464 4.22187424
v 1.61749995 0.61538464 4.21999979
v 1.60326493 0.61538464 4.22187424
v 1.59000003 0.61538464 4.22736883
v 1.57860911 0.61538464 4.23610926
v 1.56986856 0.61538464 4.24749994
v 1.56437409 0.61538464 4.26076508
v 1.67062593 1.23076928 4.26076508
v 1.67062593 1.53846157 4.26076508
v 1.67062593 1.84615386 4.26076508
v 1.66513145 1.84615386 4.24749994
v 1.66513145 2.15384626 4.24749994
v 1.65639091 2.15384626 4.23610926
v 1.65639091 2.46153855 4.23610926
v 1.64499998 2.46153855 4.22736883
v 1.64499998 2.76923084 4.22736883
v 1.63173509 2.76923084 4.22187424
v 1.63173509 3.07692313 4.22187424
v 1.61749995 3.07692313 4.21999979
v 1.61749995 3.38461542 4.21999979
v 1.60326493 3.38461542 4.22187424
v 1.60326493 3.69230771 4.22187424
v 1.59000003 3.69230771 4.22736883
v 1.59000003 4.00000000 4.22736883
v 1.57860911 4.00000000 4.23610926
v 1.66513145 1.53846157 4.24749994
v 1.67062593 2.15384626 4.26076508
v 1.67062593 2.46153855 4.26076508
v 1.67062593 2.76923084 4.26076508
v 1.66513145 2.76923084 4.24749994
v 1.66513145 3.07692313 4.24749994
v 1.65639091 3.07692313 4.23610926
v 1.65639091 3.38461542 4.23610926
v 1.64499998 3.38461542 4.22736883
v 1.64499998 3.69230771 4.22736883
v 1.63173509 3.69230771 4.22187424
v 1.63173509 4.00000000 4.22187424
v 1.61749995 4.00000000 4.21999979
v 1.66513145 2.46153855 4.24749994
v 1.67062593 3.07692313 4.26076508
v 1.67062593 3.38461542 4.26076508
v 1.67062593 3.69230771 4.26076508
v 1.66513145 3.69230771 4.24749994
v 1.66513145 4.00000000 4.24749994
v 1.65639091 4.00000000 4.23610926
v 1.66513145 3.38461542 4.24749994
v 1.67062593 4.00000000 4.26076508
v 1.66513145 4.92307711 4.24749994
v 1.65639091 4.92307711 4.23610926
v 1.64499998 4.92307711 4.22736883
v 1.63173509 4.92307711 4.22187424
v 1.61749995 4.92307711 4.21999979
v 1.60326493 4.92307711 4.22187424
v 1.59000003 4.92307711 4.22736883
v 1.67062593 5.53846169 4.26076508
v 1.67062593 5.84615374 4.26076508
v 1.66513145 6.15384626 4.24749994
v 1.66513145 6.46153831 4.24749994
v 1.65639091 6.46153831 4.23610926
v 1.65639091 6.76923084 4.23610926
v 1.64499998 6.76923084 4.22736883
v 1.64499998 7.07692289 4.22736883
v 1.63173509 7.07692289 4.22187424
v 1.63173509 7.38461542 4.22187424
v 1.61749995 7.38461542 4.21999979
v 1.61749995 7.69230747 4.21999979
v 1.60326493 7.69230747 4.22187424
v 1.60326493 8.00000000 4.22187424
v 1.59000003 8.00000000 4.22736883
v 1.59000003 8.30769253 4.22736883
v 1.57860911 8.30769253 4.23610926
v 1.66513145 5.84615374 4.24749994
v 1.67062593 7.07692289 4.26076508
v 1.67062593 7.38461542 4.26076508
v 1.67062593 7.69230747 4.26076508
v 1.66513145 7.69230747 4.24749994
v 1.66513145 8.00000000 4.24749994
v 1.65639091 8.00000000 4.23610926
v 1.65639091 8.30769253 4.23610926
v 1.64499998 8.30769253 4.22736883
v 1.66513145 7.38461542 4.24749994
v 1.67062593 8.00000000 4.26076508
v 1.67062593 8.30769253 4.26076508
v 1.66513145 8.30769253 4.24749994
v 1.66513145 9.23076916 4.24749994
v 1.65639091 9.23076916 4.23610926
v 1.65639091 0.92307693 4.23610926
v 1.64499998 1.23076928 4.22736883
v 1.63173509 1.53846157 4.22187424
v 1.61749995 1.84615386 4.21999979
v 1.60326493 2.15384626 4.22187424
v 1.59000003 2.46153855 4.22736883
v 1.57860911 2.76923084 4.23610926
v 1.56986856 3.07692313 4.24749994
v 1.56437409 3.38461542 4.26076508
v 1.65639091 1.84615386 4.23610926
v 1.65639091 2.76923084 4.23610926
v 1.65639091 3.69230771 4.23610926
v 1.65639091 5.23076916 4.23610926
v 1.64499998 5.53846169 4.22736883
v 1.63173509 5.84615374 4.22187424
v 1.61749995 6.15384626 4.21999979
v 1.60326493 6.46153831 4.22187424
v 1.59000003 6.76923084 4.22736883
v 1.57860911 7.07692289 4.23610926
v 1.56986856 7.38461542 4.24749994
v 1.56437409 7.69230747 4.26076508
v 1.65639091 6.15384626 4.23610926
v 1.65639091 7.69230747 4.23610926
v 1.65639091 9.53846169 4.23610926
v 1.64499998 9.84615421 4.22736883
v 1.63173509 10.15384579 4.22187424
v 1.61749995 10.46153831 4.21999979
v 1.60326493 10.76923084 4.22187424
v 1.59000003 11.07692337 4.22736883
v 1.57860911 11.38461494 4.23610926
v 1.64499998 0.92307693 4.22736883
v 1.63173509 0.92307693 4.22187424
v 1.61749995 0.92307693 4.21999979
v 1.60326493 0.92307693 4.22187424
v 1.59000003 0.92307693 4.22736883
v 1.57860911 0.92307693 4.23610926
v 1.56986856 0.92307693 4.24749994
v 1.56437409 0.92307693 4.26076508
v 1.64499998 2.15384626 4.22736883
v 1.64499998 3.07692313 4.22736883
v 1.64499998 4.00000000 4.22736883
v 1.64499998 5.23076916 4.22736883
v 1.63173509 5.23076916 4.22187424
v 1.61749995 5.23076916 4.21999979
v 1.60326493 5.23076916 4.22187424
v 1.59000003 5.23076916 4.22736883
v 1.57860911 5.23076916 4.23610926
v 1.64499998 6.46153831 4.22736883
v 1.64499998 8.00000000 4.22736883
v 1.64499998 9.53846169 4.22736883
v 1.63173509 1.23076928 4.22187424
v 1.61749995 1.53846157 4.21999979
v 1.60326493 1.84615386 4.22187424
v 1.59000003 2.15384626 4.22736883
v 1.57860911 2.46153855 4.23610926
v 1.56986856 2.76923084 4.24749994
v 1.56437409 3.07692313 4.26076508
v 1.63173509 2.46153855 4.22187424
v 1.63173509 3.38461542 4.22187424
v 1.63173509 5.53846169 4.22187424
v 1.61749995 5.84615374 4.21999979
v 1.60326493 6.15384626 4.22187424
v 1.59000003 6.46153831 4.22736883
v 1.57860911 6.76923084 4.23610926
v 1.56986856 7.07692289 4.24749994
v 1.56437409 7.38461542 4.26076508
v 1.63173509 6.76923084 4.22187424
v 1.63173509 8.30769253 4.22187424
v 1.63173509 9.84615421 4.22187424
v 1.61749995 10.15384579 4.21999979
v 1.60326493 10.46153831 4.22187424
v 1.59000003 10.76923084 4.22736883
v 1.57860911 11.07692337 4.23610926
v 1.56986856 11.38461494 4.24749994
v 1.61749995 1.23076928 4.21999979
v 1.60326493 1.23076928 4.22187424
v 1.59000003 1.23076928 4.22736883
v 1.57860911 1.23076928 4.23610926
v 1.56986856 1.23076928 4.24749994
v 1.56437409 1.23076928 4.26076508
v 1.61749995 2.76923084 4.21999979
v 1.61749995 3.69230771 4.21999979
v 1.61749995 5.53846169 4.21999979
v 1.60326493 5.53846169 4.22187424
v 1.59000003 5.53846169 4.22736883
v 1.57860911 5.53846169 4.23610926
v 1.56986856 5.53846169 4.24749994
v 1.61749995 7.07692289 4.21999979
v 1.61749995 9.23076916 4.21999979
v 1.60326493 9.23076916 4.22187424
v 1.59000003 9.23076916 4.22736883
v 1.57860911 9.23076916 4.23610926
v 1.56986856 9.23076916 4.24749994
v 1.56437409 9.23076916 4.26076508
v 1.60326493 1.53846157 4.22187424
v 1.59000003 1.84615386 4.22736883
v 1.57860911 2.15384626 4.23610926
v 1.56986856 2.46153855 4.24749994
v 1.56437409 2.76923084 4.26076508
v 1.60326493 3.07692313 4.22187424
v 1.60326493 4.00000000 4.22187424
v 1.60326493 5.84615374 4.22187424
v 1.59000003 6.15384626 4.22736883
v 1.57860911 6.46153831 4.23610926
v 1.56986856 6.76923084 4.24749994
v 1.56437409 7.07692289 4.26076508
v 1.60326493 7.38461542 4.22187424
v 1.60326493 9.53846169 4.22187424
v 1.59000003 9.84615421 4.22736883
v 1.57860911 10.15384579 4.23610926
v 1.56986856 10.46153831 4.24749994
v 1.56437409 10.76923084 4.26076508
v 1.59000003 1.53846157 4.22736883
v 1.57860911 1.53846157 4.23610926
v 1.56986856 1.53846157 4.24749994
v 1.56437409 1.53846157 4.26076508
v 1.59000003 3.38461542 4.22736883
v 1.59000003 5.84615374 4.22736883
v 1.57860911 5.84615374 4.23610926
v 1.56986856 5.84615374 4.24749994
v 1.59000003 7.69230747 4.22736883
v 1.59000003 9.53846169 4.22736883
v 1.57860911 9.53846169 4.23610926
v 1.56986856 9.53846169 4.24749994
v 1.56437409 9.53846169 4.26076508
v 1.57860911 1.84615386 4.23610926
v 1.56986856 2.15384626 4.24749994
v 1.56437409 2.46153855 4.26076508
v 1.57860911 3.69230771 4.23610926
v 1.57860911 6.15384626 4.23610926
v 1.56986856 6.46153831 4.24749994
v 1.56437409 6.76923084 4.26076508
v 1.57860911 8.00000000 4.23610926
v 1.57860911 9.84615421 4.23610926
v 1.56986856 10.15384579 4.24749994
v 1.56437409 10.46153831 4.26076508
v 1.56986856 1.84615386 4.24749994
v 1.56437409 1.84615386 4.26076508
v 1.56986856 4.00000000 4.24749994
v 1.56986856 6.15384626 4.24749994
v 1.56437409 6.15384626 4.26076508
v 1.56986856 8.30769253 4.24749994
v 1.56986856 9.84615421 4.24749994
v 1.56437409 9.84615421 4.26076508
v 1.56437409 2.15384626 4.26076508
v 1.56437409 4.92307711 4.26076508
v 1.56437409 6.46153831 4.26076508
v 1.56437409 10.15384579 4.26076508
v 1.67250001 0.00000000 4.38999987
v 1.67250001 12.00000000 4.38999987
v 2.14000010 0.00000000 4.38999987
v 2.14000010 12.00000000 4.38999987
v 2.14000010 0.00000000 0.11000000
v 2.14000010 12.00000000 0.11000000
v 0.11000002 12.00000000 0.11000000
v 0.11000002 0.00000000 0.11000000
v 0.11000002 0.00000000 4.38999987
v 0.11000002 12.00000000 4.38999987
v 0.57750005 0.00000000 4.38999987
v 0.57750005 12.00000000 4.38999987
v 0.57750005 0.00000000 4.27500010
v 0.57750005 12.00000000 4.27500010
v 0.68562591 0.00000000 4.26076508
v 0.68562591 0.30769232 4.26076508
v 0.68750000 0.00000000 4.27500010
v 0.68562591 0.61538464 4.26076508
v 0.68562591 0.92307693 4.26076508
v 0.68013138 0.92307693 4.24749994
v 0.68013138 1.23076928 4.24749994
v 0.67139089 1.23076928 4.23610926
v 0.67139089 1.53846157 4.23610926
v 0.66000003 1.53846157 4.22736883
v 0.66000003 1.84615386 4.22736883
v 0.64673507 1.84615386 4.22187424
v 0.64673507 2.15384626 4.22187424
v 0.63249999 2.15384626 4.21999979
v 0.63249999 2.46153855 4.21999979
v 0.61826497 2.46153855 4.22187424
v 0.61826497 2.76923084 4.22187424
v 0.60500002 2.76923084 4.22736883
v 0.60500002 3.07692313 4.22736883
v 0.59360915 3.07692313 4.23610926
v 0.59360915 3.38461542 4.23610926
v 0.58486861 3.38461542 4.24749994
v 0.58486861 3.69230771 4.24749994
v 0.57937407 3.69230771 4.26076508
v 0.57937407 4.00000000 4.26076508
v 0.57937407 4.30769253 4.26076508
v 0.57937407 4.61538458 4.26076508
v 0.58486861 4.30769253 4.24749994
v 0.58486861 4.61538458 4.24749994
v 0.59360915 4.30769253 4.23610926
v 0.59360915 4.61538458 4.23610926
v 0.60500002 4.30769253 4.22736883
v 0.60500002 4.61538458 4.22736883
v 0.61826497 4.30769253 4.22187424
v 0.61826497 4.61538458 4.22187424
v 0.63249999 4.30769253 4.21999979
v 0.63249999 4.61538458 4.21999979
v 0.64673507 4.30769253 4.22187424
v 0.64673507 4.61538458 4.22187424
v 0.66000003 4.30769253 4.22736883
v 0.66000003 4.61538458 4.22736883
v 0.67139089 4.30769253 4.23610926
v 0.67139089 4.61538458 4.23610926
v 0.68013138 4.30769253 4.24749994
v 0.68013138 4.61538458 4.24749994
v 0.68562591 4.30769253 4.26076508
v 0.68562591 4.61538458 4.26076508
v 0.68562591 4.92307711 4.26076508
v 0.68562591 5.23076916 4.26076508
v 0.68013138 5.23076916 4.24749994
v 0.68013138 5.53846169 4.24749994
v 0.67139089 5.53846169 4.23610926
v 0.67139089 5.84615374 4.23610926
v 0.66000003 5.84615374 4.22736883
v 0.66000003 6.15384626 4.22736883
v 0.64673507 6.15384626 4.22187424
v 0.64673507 6.46153831 4.22187424
v 0.63249999 6.46153831 4.21999979
v 0.63249999 6.76923084 4.21999979
v 0.61826497 6.76923084 4.22187424
v 0.61826497 7.07692289 4.22187424
v 0.60500002 7.07692289 4.22736883
v 0.60500002 7.38461542 4.22736883
v 0.59360915 7.38461542 4.23610926
v 0.59360915 7.69230747 4.23610926
v 0.58486861 7.69230747 4.24749994
v 0.58486861 8.00000000 4.24749994
v 0.57937407 8.00000000 4.26076508
v 0.57937407 8.30769253 4.26076508
v 0.57937407 8.61538506 4.26076508
v 0.57937407 8.92307663 4.26076508
v 0.58486861 8.61538506 4.24749994
v 0.58486861 8.92307663 4.24749994
v 0.59360915 8.61538506 4.23610926
v 0.59360915 8.92307663 4.23610926
v 0.60500002 8.61538506 4.22736883
v 0.60500002 8.92307663 4.22736883
v 0.61826497 8.61538506 4.22187424
v 0.61826497 8.92307663 4.22187424
v 0.63249999 8.61538506 4.21999979
v 0.63249999 8.92307663 4.21999979
v 0.64673507 8.61538506 4.22187424
v 0.64673507 8.92307663 4.22187424
v 0.66000003 8.61538506 4.22736883
v 0.66000003 8.92307663 4.22736883
v 0.67139089 8.61538506 4.23610926
v 0.67139089 8.92307663 4.23610926
v 0.68013138 8.61538506 4.24749994
v 0.68013138 8.92307663 4.24749994
v 0.68562591 8.61538506 4.26076508
v 0.68562591 8.92307663 4.26076508
v 0.68750000 12.00000000 4.27500010
v 0.68562591 9.23076916 4.26076508
v 0.68562591 9.53846169 4.26076508
v 0.68013138 9.53846169 4.24749994
v 0.68013138 9.84615421 4.24749994
v 0.67139089 9.84615421 4.23610926
v 0.67139089 10.15384579 4.23610926
v 0.66000003 10.15384579 4.22736883
v 0.66000003 10.46153831 4.22736883
v 0.64673507 10.46153831 4.22187424
v 0.64673507 10.76923084 4.22187424
v 0.63249999 10.76923084 4.21999979
v 0.63249999 11.07692337 4.21999979
v 0.61826497 11.07692337 4.22187424
v 0.61826497 11.38461494 4.22187424
v 0.60500002 11.38461494 4.22736883
v 0.60500002 11.69230747 4.22736883
v 0.59360915 11.69230747 4.23610926
v 0.59360915 12.00000000 4.23610926
v 0.58486861 12.00000000 4.24749994
v 0.58486861 11.69230747 4.24749994
v 0.57937407 12.00000000 4.26076508
v 0.57937407 11.69230747 4.26076508
v 0.57937407 11.38461494 4.26076508
v 0.57937407 11.07692337 4.26076508
v 0.58486861 11.07692337 4.24749994
v 0.58486861 10.76923084 4.24749994
v 0.59360915 10.76923084 4.23610926
v 0.59360915 10.46153831 4.23610926
v 0.60500002 10.46153831 4.22736883
v 0.60500002 10.15384579 4.22736883
v 0.61826497 10.15384579 4.22187424
v 0.61826497 9.84615421 4.22187424
v 0.63249999 9.84615421 4.21999979
v 0.63249999 9.53846169 4.21999979
v 0.64673507 9.53846169 4.22187424
v 0.64673507 9.23076916 4.22187424
v 0.66000003 9.23076916 4.22736883
v 0.68013138 0.30769232 4.24749994
v 0.68013138 0.00000000 4.24749994
v 0.67139089 0.30769232 4.23610926
v 0.67139089 0.00000000 4.23610926
v 0.66000003 0.30769232 4.22736883
v 0.66000003 0.00000000 4.22736883
v 0.64673507 0.30769232 4.22187424
v 0.64673507 0.00000000 4.22187424
v 0.63249999 0.30769232 4.21999979
v 0.63249999 0.00000000 4.21999979
v 0.61826497 0.30769232 4.22187424
v 0.61826497 0.00000000 4.22187424
v 0.60500002 0.30769232 4.22736883
v 0.60500002 0.00000000 4.22736883
v 0.59360915 0.30769232 4.23610926
v 0.59360915 0.00000000 4.23610926
v 0.58486861 0.30769232 4.24749994
v 0.58486861 0.00000000 4.24749994
v 0.57937407 0.30769232 4.26076508
v 0.57937407 0.00000000 4.26076508
v 0.57937407 5.84615374 4.26076508
v 0.57937407 5.53846169 4.26076508
v 0.57937407 5.23076916 4.26076508
v 0.58486861 5.23076916 4.24749994
v 0.58486861 4.92307711 4.24749994
v 0.59360915 4.92307711 4.23610926
v 0.60500002 12.00000000 4.22736883
v 0.61826497 11.69230747 4.22187424
v 0.63249999 11.38461494 4.21999979
v 0.64673507 11.07692337 4.22187424
v 0.66000003 10.76923084 4.22736883
v 0.67139089 10.46153831 4.23610926
v 0.68013138 10.15384579 4.24749994
v 0.68562591 9.84615421 4.26076508
v 0.61826497 12.00000000 4.22187424
v 0.63249999 11.69230747 4.21999979
v 0.64673507 11.38461494 4.22187424
v 0.66000003 11.07692337 4.22736883
v 0.67139089 10.76923084 4.23610926
v 0.68013138 10.46153831 4.24749994
v 0.68562591 10.15384579 4.26076508
v 0.63249999 12.00000000 4.21999979
v 0.64673507 11.69230747 4.22187424
v 0.66000003 11.38461494 4.22736883
v 0.67139089 11.07692337 4.23610926
v 0.68013138 10.76923084 4.24749994
v 0.68562591 10.46153831 4.26076508
v 0.64673507 12.00000000 4.22187424
v 0.66000003 11.69230747 4.22736883
v 0.67139089 11.38461494 4.23610926
v 0.68013138 11.07692337 4.24749994
v 0.68562591 10.76923084 4.26076508
v 0.66000003 12.00000000 4.22736883
v 0.67139089 11.69230747 4.23610926
v 0.68013138 11.38461494 4.24749994
v 0.68562591 11.07692337 4.26076508
v 0.67139089 12.00000000 4.23610926
v 0.68013138 11.69230747 4.24749994
v 0.68562591 11.38461494 4.26076508
v 0.68013138 12.00000000 4.24749994
v 0.68562591 11.69230747 4.26076508
v 0.68562591 12.00000000 4.26076508
v 0.68562591 6.15384626 4.26076508
v 0.68562591 6.46153831 4.26076508
v 0.68562591 6.76923084 4.26076508
v 0.68013138 6.76923084 4.24749994
v 0.68013138 7.07692289 4.24749994
v 0.67139089 7.07692289 4.23610926
v 0.67139089 7.38461542 4.23610926
v 0.66000003 7.38461542 4.22736883
v 0.66000003 7.69230747 4.22736883
v 0.64673507 7.69230747 4.22187424
v 0.64673507 8.00000000 4.22187424
v 0.63249999 8.00000000 4.21999979
v 0.63249999 8.30769253 4.21999979
v 0.61826497 8.30769253 4.22187424
v 0.68013138 0.61538464 4.24749994
v 0.67139089 0.61538464 4.23610926
v 0.66000003 0.61538464 4.22736883
v 0.64673507 0.61538464 4.22187424
v 0.63249999 0.61538464 4.21999979
v 0.61826497 0.61538464 4.22187424
v 0.60500002 0.61538464 4.22736883
v 0.59360915 0.61538464 4.23610926
v 0.58486861 0.61538464 4.24749994
v 0.57937407 0.61538464 4.26076508
v 0.68562591 1.23076928 4.26076508
v 0.68562591 1.53846157 4.26076508
v 0.68562591 1.84615386 4.26076508
v 0.68013138 1.84615386 4.24749994
v 0.68013138 2.15384626 4.24749994
v 0.67139089 2.15384626 4.23610926
v 0.67139089 2.46153855 4.23610926
v 0.66000003 2.46153855 4.22736883
v 0.66000003 2.76923084 4.22736883
v 0.64673507 2.76923084 4.22187424
v 0.64673507 3.07692313 4.22187424
v 0.63249999 3.07692313 4.21999979
v 0.63249999 3.38461542 4.21999979
v 0.61826497 3.38461542 4.22187424
v 0.61826497 3.69230771 4.22187424
v 0.60500002 3.69230771 4.22736883
v 0.60500002 4.00000000 4.22736883
v 0.59360915 4.00000000 4.23610926
v 0.68013138 1.53846157 4.24749994
v 0.68562591 2.15384626 4.26076508
v 0.68562591 2.46153855 4.26076508
v 0.68562591 2.76923084 4.26076508
v 0.68013138 2.76923084 4.24749994
v 0.68013138 3.07692313 4.24749994
v 0.67139089 3.07692313 4.23610926
v 0.67139089 3.38461542 4.23610926
v 0.66000003 3.38461542 4.22736883
v 0.66000003 3.69230771 4.22736883
v 0.64673507 3.69230771 4.22187424
v 0.64673507 4.00000000 4.22187424
v 0.63249999 4.00000000 4.21999979
v 0.68013138 2.46153855 4.24749994
v 0.68562591 3.07692313 4.26076508
v 0.68562591 3.38461542 4.26076508
v 0.68562591 3.69230771 4.26076508
v 0.68013138 3.69230771 4.24749994
v 0.68013138 4.00000000 4.24749994
v 0.67139089 4.00000000 4.23610926
v 0.68013138 3.38461542 4.24749994
v 0.68562591 4.00000000 4.26076508
v 0.68013138 4.92307711 4.24749994
v 0.67139089 4.92307711 4.23610926
v 0.66000003 4.92307711 4.22736883
v 0.64673507 4.92307711 4.22187424
v 0.63249999 4.92307711 4.21999979
v 0.61826497 4.92307711 4.22187424
v 0.60500002 4.92307711 4.22736883
v 0.68562591 5.53846169 4.26076508
v 0.68562591 5.84615374 4.26076508
v 0.68013138 6.15384626 4.24749994
v 0.68013138 6.46153831 4.24749994
v 0.67139089 6.46153831 4.23610926
v 0.67139089 6.76923084 4.23610926
v 0.66000003 6.76923084 4.22736883
v 0.66000003 7.07692289 4.22736883
v 0.64673507 7.07692289 4.22187424
v 0.64673507 7.38461542 4.22187424
v 0.63249999 7.38461542 4.21999979
v 0.63249999 7.69230747 4.21999979
v 0.61826497 7.69230747 4.22187424
v 0.61826497 8.00000000 4.22187424
v 0.60500002 8.00000000 4.22736883
v 0.60500002 8.30769253 4.22736883
v 0.59360915 8.30769253 4.23610926
v 0.68013138 5.84615374 4.24749994
v 0.68562591 7.07692289 4.26076508
v 0.68562591 7.38461542 4.26076508
v 0.68562591 7.69230747 4.26076508
v 0.68013138 7.69230747 4.24749994
v 0.68013138 8.00000000 4.24749994
v 0.67139089 8.00000000 4.23610926
v 0.67139089 8.30769253 4.23610926
v 0.66000003 8.30769253 4.22736883
v 0.68013138 7.38461542 4.24749994
v 0.68562591 8.00000000 4.26076508
v 0.68562591 8.30769253 4.26076508
v 0.68013138 8.30769253 4.24749994
v 0.68013138 9.23076916 4.24749994
v 0.67139089 9.23076916 4.23610926
v 0.67139089 0.92307693 4.23610926
v 0.66000003 1.23076928 4.22736883
v 0.64673507 1.53846157 4.22187424
v 0.63249999 1.84615386 4.21999979
v 0.61826497 2.15384626 4.22187424
v 0.60500002 2.46153855 4.22736883
v 0.59360915 2.76923084 4.23610926
v 0.58486861 3.07692313 4.24749994
v 0.57937407 3.38461542 4.26076508
v 0.67139089 1.84615386 4.23610926
v 0.67139089 2.76923084 4.23610926
v 0.67139089 3.69230771 4.23610926
v 0.67139089 5.23076916 4.23610926
v 0.66000003 5.53846169 4.22736883
v 0.64673507 5.84615374 4.22187424
v 0.63249999 6.15384626 4.21999979
v 0.61826497 6.46153831 4.22187424
v 0.60500002 6.76923084 4.22736883
v 0.59360915 7.07692289 4.23610926
v 0.58486861 7.38461542 4.24749994
v 0.57937407 7.69230747 4.26076508
v 0.67139089 6.15384626 4.23610926
v 0.67139089 7.69230747 4.23610926
v 0.67139089 9.53846169 4.23610926
v 0.66000003 9.84615421 4.22736883
v 0.64673507 10.15384579 4.22187424
v 0.63249999 10.46153831 4.21999979
v 0.61826497 10.76923084 4.22187424
v 0.60500002 11.07692337 4.22736883
v 0.59360915 11.38461494 4.23610926
v 0.66000003 0.92307693 4.22736883
v 0.64673507 0.92307693 4.22187424
v 0.63249999 0.92307693 4.21999979
v 0.61826497 0.92307693 4.22187424
v 0.60500002 0.92307693 4.22736883
v 0.59360915 0.92307693 4.23610926
v 0.58486861 0.92307693 4.24749994
v 0.57937407 0.92307693 4.26076508
v 0.66000003 2.15384626 4.22736883
v 0.66000003 3.07692313 4.22736883
v 0.66000003 4.00000000 4.22736883
v 0.66000003 5.23076916 4.22736883
v 0.64673507 5.23076916 4.22187424
v 0.63249999 5.23076916 4.21999979
v 0.61826497 5.23076916 4.22187424
v 0.60500002 5.23076916 4.22736883
v 0.59360915 5.23076916 4.23610926
v 0.66000003 6.46153831 4.22736883
v 0.66000003 8.00000000 4.22736883
v 0.66000003 9.53846169 4.22736883
v 0.64673507 1.23076928 4.22187424
v 0.63249999 1.53846157 4.21999979
v 0.61826497 1.84615386 4.22187424
v 0.60500002 2.15384626 4.22736883
v 0.59360915 2.46153855 4.23610926
v 0.58486861 2.76923084 4.24749994
v 0.57937407 3.07692313 4.26076508
v 0.64673507 2.46153855 4.22187424
v 0.64673507 3.38461542 4.22187424
v 0.64673507 5.53846169 4.22187424
v 0.63249999 5.84615374 4.21999979
v 0.61826497 6.15384626 4.22187424
v 0.60500002 6.46153831 4.22736883
v 0.59360915 6.76923084 4.23610926
v 0.58486861 7.07692289 4.24749994
v 0.57937407 7.38461542 4.26076508
v 0.64673507 6.76923084 4.22187424
v 0.64673507 8.30769253 4.22187424
v 0.64673507 9.84615421 4.22187424
v 0.63249999 10.15384579 4.21999979
v 0.61826497 10.46153831 4.22187424
v 0.60500002 10.76923084 4.22736883
v 0.59360915 11.07692337 4.23610926
v 0.58486861 11.38461494 4.24749994
v 0.63249999 1.23076928 4.21999979
v 0.61826497 1.23076928 4.22187424
v 0.60500002 1.23076928 4.22736883
v 0.59360915 1.23076928 4.23610926
v 0.58486861 1.23076928 4.24749994
v 0.57937407 1.23076928 4.26076508
v 0.63249999 2.76923084 4.21999979
v 0.63249999 3.69230771 4.21999979
v 0.63249999 5.53846169 4.21999979
v 0.61826497 5.53846169 4.22187424
v 0.60500002 5.53846169 4.22736883
v 0.59360915 5.53846169 4.23610926
v 0.58486861 5.53846169 4.24749994
v 0.63249999 7.07692289 4.21999979
v 0.63249999 9.23076916 4.21999979
v 0.61826497 9.23076916 4.22187424
v 0.60500002 9.23076916 4.22736883
v 0.59360915 9.23076916 4.23610926
v 0.58486861 9.23076916 4.24749994
v 0.57937407 9.23076916 4.26076508
v 0.61826497 1.53846157 4.22187424
v 0.60500002 1.84615386 4.22736883
v 0.59360915 2.15384626 4.23610926
v 0.58486861 2.46153855 4.24749994
v 0.57937407 2.76923084 4.26076508
v 0.61826497 3.07692313 4.22187424
v 0.61826497 4.00000000 4.22187424
v 0.61826497 5.84615374 4.22187424
v 0.60500002 6.15384626 4.22736883
v 0.59360915 6.46153831 4.23610926
v 0.58486861 6.76923084 4.24749994
v 0.57937407 7.07692289 4.26076508
v 0.61826497 7.38461542 4.22187424
v 0.61826497 9.53846169 4.22187424
v 0.60500002 9.84615421 4.22736883
v 0.59360915 10.15384579 4.23610926
v 0.58486861 10.46153831 4.24749994
v 0.57937407 10.76923084 4.26076508
v 0.60500002 1.53846157 4.22736883
v 0.59360915 1.53846157 4.23610926
v 0.58486861 1.53846157 4.24749994
v 0.57937407 1.53846157 4.26076508
v 0.60500002 3.38461542 4.22736883
v 0.60500002 5.84615374 4.22736883
v 0.59360915 5.84615374 4.23610926
v 0.58486861 5.84615374 4.24749994
v 0.60500002 7.69230747 4.22736883
v 0.60500002 9.53846169 4.22736883
v 0.59360915 9.53846169 4.23610926
v 0.58486861 9.53846169 4.24749994
v 0.57937407 9.53846169 4.26076508
v 0.59360915 1.84615386 4.23610926
v 0.58486861 2.15384626 4.24749994
v 0.57937407 2.46153855 4.26076508
v 0.59360915 3.69230771 4.23610926
v 0.59360915 6.15384626 4.23610926
v 0.58486861 6.46153831 4.24749994
v 0.57937407 6.76923084 4.26076508
v 0.59360915 8.00000000 4.23610926
v 0.59360915 9.84615421 4.23610926
v 0.58486861 10.15384579 4.24749994
v 0.57937407 10.46153831 4.26076508
v 0.58486861 1.84615386 4.24749994
v 0.57937407 1.84615386 4.26076508
v 0.58486861 4.00000000 4.24749994
v 0.58486861 6.15384626 4.24749994
v 0.57937407 6.15384626 4.26076508
v 0.58486861 8.30769253 4.24749994
v 0.58486861 9.84615421 4.24749994
v 0.57937407 9.84615421 4.26076508
v 0.57937407 2.15384626 4.26076508
v 0.57937407 4.92307711 4.26076508
v 0.57937407 6.46153831 4.26076508
v 0.57937407 10.15384579 4.26076508
v 0.68750000 0.00000000 4.50000000
v 0.68750000 12.00000000 4.50000000
f 1 2 3
f 3 2 4
f 4 2 5
f 5 2 6
f 5 6 7
f 7 6 8
f 7 8 9
f 9 8 10
f 9 10 11
f 11 10 12
f 11 12 13
f 13 12 14
f 13 14 15
f 15 14 16
f 15 16 17
f 17 16 18
f 17 18 19
f 19 18 20
f 19 20 21
f 21 20 22
f 21 22 23
f 23 22 24
f 23 24 25
f 25 24 26
f 25 26 27
f 27 26 28
f 27 28 29
f 29 28 30
f 30 31 29
f 29 31 32
f 32 31 33
f 33 31 34
f 33 34 35
f 35 34 36
f 35 36 37
f 37 36 38
f 37 38 39
f 39 38 40
f 39 40 41
f 41 40 42
f 41 42 43
f 43 42 44
f 43 44 45
f 45 44 46
f 45 46 47
f 47 46 48
f 47 48 49
f 49 48 50
f 49 50 51
f 51 50 52
f 51 52 53
f 53 52 54
f 53 54 55
f 55 54 56
f 55 56 3
f 3 56 1
f 57 58 59
f 59 58 60
f 60 58 61
f 61 58 62
f 61 62 63
f 63 62 64
f 63 64 65
f 65 64 66
f 65 66 67
f 67 66 68
f 67 68 69
f 69 68 70
f 69 70 71
f 71 70 72
f 71 72 73
f 73 72 74
f 73 74 75
f 75 74 76
f 75 76 77
f 77 76 78
f 77 78 79
f 79 78 80
f 79 80 81
f 81 80 82
f 81 82 83
f 83 82 84
f 83 84 85
f 85 84 86
f 86 87 85
f 85 87 88
f 88 87 89
f 89 87 90
f 89 90 91
f 91 90 92
f 91 92 93
f 93 92 94
f 93 94 95
f 95 94 96
f 95 96 97
f 97 96 98
f 97 98 99
f 99 98 100
f 99 100 101
f 101 100 102
f 101 102 103
f 103 102 104
f 103 104 105
f 105 104 106
f 105 106 107
f 107 106 108
f 107 108 109
f 109 108 110
f 109 110 111
f 111 110 112
f 111 112 59
f 59 112 57
f 113 114 115
f 115 114 116
f 116 114 117
f 117 114 118
f 117 118 119
f 119 118 120
f 119 120 121
f 121 120 122
f 121 122 123
f 123 122 124
f 123 124 125
f 125 124 126
f 125 126 127
f 127 126 128
f 127 128 129
f 129 128 130
f 129 130 131
f 131 130 132
f 131 132 133
f 133 132 134
f 133 134 135
f 135 134 136
f 135 136 137
f 137 136 138
f 137 138 139
f 139 138 140
f 139 140 141
f 141 140 142
f 142 143 141
f 141 143 144
f 144 143 145
f 145 143 146
f 145 146 147
f 147 146 148
f 147 148 149
f 149 148 150
f 149 150 151
f 151 150 152
f 151 152 153
f 153 152 154
f 153 154 155
f 155 154 156
f 155 156 157
f 157 156 158
f 157 158 159
f 159 158 160
f 159 160 161
f 161 160 162
f 161 162 163
f 163 162 164
f 163 164 165
f 165 164 166
f 165 166 167
f 167 166 168
f 167 168 115
f 115 168 113
f 169 170 171
f 171 170 172
f 172 170 173
f 173 170 174
f 173 174 175
f 175 174 176
f 175 176 177
f 177 176 178
f 177 178 179
f 179 178 180
f 179 180 181
f 181 180 182
f 181 182 183
f 183 182 184
f 183 184 185
f 185 184 186
f 185 186 187
f 187 186 188
f 187 188 189
f 189 188 190
f 189 190 191
f 191 190 192
f 191 192 193
f 193 192 194
f 193 194 195
f 195 194 196
f 195 196 197
f 197 196 198
f 198 199 197
f 197 199 200
f 200 199 201
f 201 199 202
f 201 202 203
f 203 202 204
f 203 204 205
f 205 204 206
f 205 206 207
f 207 206 208
f 207 208 209
f 209 208 210
f 209 210 211
f 211 210 212
f 211 212 213
f 213 212 214
f 213 214 215
f 215 214 216
f 215 216 217
f 217 216 218
f 217 218 219
f 219 218 220
f 219 220 221
f 221 220 222
f 221 222 223
f 223 222 224
f 223 224 171
f 171 224 169
f 225 226 227
f 227 226 228
f 228 226 229
f 229 226 230
f 229 230 231
f 231 230 232
f 231 232 233
f 233 232 234
f 233 234 235
f 235 234 236
f 235 236 237
f 237 236 238
f 237 238 239
f 239 238 240
f 239 240 241
f 241 240 242
f 241 242 243
f 243 242 244
f 243 244 245
f 245 244 246
f 245 246 247
f 247 246 248
f 247 248 249
f 249 248 250
f 249 250 251
f 251 250 252
f 251 252 253
f 253 252 254
f 254 255 253
f 253 255 256
f 256 255 257
f 257 255 258
f 257 258 259
f 259 258 260
f 259 260 261
f 261 260 262
f 261 262 263
f 263 262 264
f 263 264 265
f 265 264 266
f 265 266 267
f 267 266 268
f 267 268 269
f 269 268 270
f 269 270 271
f 271 270 272
f 271 272 273
f 273 272 274
f 273 274 275
f 275 274 276
f 275 276 277
f 277 276 278
f 277 278 279
f 279 278 280
f 279 280 227
f 227 280 225
f 281 282 283
f 283 282 284
f 284 282 285
f 285 282 286
f 285 286 287
f 287 286 288
f 287 288 289
f 289 288 290
f 289 290 291
f 291 290 292
f 291 292 293
f 293 292 294
f 293 294 295
f 295 294 296
f 295 296 297
f 297 296 298
f 297 298 299
f 299 298 300
f 299 300 301
f 301 300 302
f 301 302 303
f 303 302 304
f 303 304 305
f 305 304 306
f 305 306 307
f 307 306 308
f 307 308 309
f 309 308 310
f 310 311 309
f 309 311 312
f 312 311 313
f 313 311 314
f 313 314 315
f 315 314 316
f 315 316 317
f 317 316 318
f 317 318 319
f 319 318 320
f 319 320 321
f 321 320 322
f 321 322 323
f 323 322 324
f 323 324 325
f 325 324 326
f 325 326 327
f 327 326 328
f 327 328 329
f 329 328 330
f 329 330 331
f 331 330 332
f 331 332 333
f 333 332 334
f 333 334 335
f 335 334 336
f 335 336 283
f 283 336 281
f 337 338 339
f 339 338 340
f 341 337 342
f 342 337 339
f 341 342 343
f 343 342 344
f 345 346 347
f 347 346 348
f 347 348 349
f 349 348 350
f 349 350 351
f 351 350 352
f 351 352 353
f 353 352 354
f 353 354 355
f 355 354 356
f 355 356 357
f 357 356 358
f 357 358 359
f 359 358 360
f 359 360 361
f 361 360 362
f 361 362 363
f 363 362 364
f 363 364 365
f 365 364 366
f 365 366 367
f 367 366 368
f 367 368 369
f 369 368 343
f 369 343 370
f 370 343 371
f 370 371 372
f 372 371 373
f 372 373 374
f 374 373 375
f 374 375 376
f 376 375 377
f 376 377 378
f 378 377 379
f 378 379 380
f 380 379 381
f 380 381 382
f 382 381 383
f 382 383 384
f 384 383 385
f 384 385 386
f 386 385 387
f 386 387 388
f 388 387 389
f 388 389 390
f 390 389 391
f 390 391 347
f 347 391 392
f 347 392 393
f 393 392 394
f 393 394 395
f 395 394 396
f 395 396 397
f 397 396 398
f 397 398 399
f 399 398 400
f 399 400 401
f 401 400 402
f 401 402 403
f 403 402 404
f 403 404 405
f 405 404 406
f 405 406 407
f 407 406 408
f 407 408 409
f 409 408 410
f 409 410 411
f 411 410 412
f 411 412 413
f 413 412 344
f 413 344 414
f 414 344 415
f 414 415 416
f 416 415 417
f 416 417 418
f 418 417 419
f 418 419 420
f 420 419 421
f 420 421 422
f 422 421 423
f 422 423 424
f 424 423 425
f 424 425 426
f 426 425 427
f 426 427 428
f 428 427 429
f 428 429 430
f 430 429 431
f 430 431 432
f 432 431 433
f 432 433 434
f 434 433 435
f 434 435 436
f 436 435 437
f 436 437 438
f 438 437 439
f 438 439 440
f 440 439 441
f 440 441 442
f 442 441 443
f 442 443 444
f 444 443 445
f 444 445 446
f 446 445 447
f 446 447 448
f 448 447 449
f 448 449 450
f 450 449 451
f 450 451 452
f 452 451 453
f 452 453 454
f 454 453 455
f 455 453 456
f 455 456 457
f 457 456 458
f 457 458 344
f 344 458 459
f 344 459 460
f 460 459 461
f 460 461 462
f 462 461 463
f 462 463 464
f 464 463 465
f 464 465 466
f 466 465 467
f 466 467 468
f 468 467 469
f 468 469 470
f 470 469 471
f 470 471 472
f 472 471 473
f 472 473 429
f 429 473 431
f 346 345 474
f 474 345 475
f 474 475 476
f 476 475 477
f 476 477 478
f 478 477 479
f 478 479 480
f 480 479 481
f 480 481 482
f 482 481 483
f 482 483 484
f 484 483 485
f 484 485 486
f 486 485 487
f 486 487 488
f 488 487 489
f 488 489 490
f 490 489 491
f 490 491 492
f 492 491 493
f 492 493 343
f 344 494 343
f 343 494 495
f 343 495 496
f 496 495 497
f 496 497 498
f 498 497 499
f 498 499 375
f 375 499 377
f 454 500 452
f 452 500 501
f 452 501 450
f 450 501 502
f 450 502 448
f 448 502 503
f 448 503 446
f 446 503 504
f 446 504 444
f 444 504 505
f 444 505 442
f 442 505 506
f 442 506 440
f 440 506 507
f 440 507 438
f 438 507 436
f 500 508 501
f 501 508 509
f 501 509 502
f 502 509 510
f 502 510 503
f 503 510 511
f 503 511 504
f 504 511 512
f 504 512 505
f 505 512 513
f 505 513 506
f 506 513 514
f 506 514 507
f 507 514 436
f 508 515 509
f 509 515 516
f 509 516 510
f 510 516 517
f 510 517 511
f 511 517 518
f 511 518 512
f 512 518 519
f 512 519 513
f 513 519 520
f 513 520 514
f 514 520 436
f 515 521 516
f 516 521 522
f 516 522 517
f 517 522 523
f 517 523 518
f 518 523 524
f 518 524 519
f 519 524 525
f 519 525 520
f 520 525 436
f 521 526 522
f 522 526 527
f 522 527 523
f 523 527 528
f 523 528 524
f 524 528 529
f 524 529 525
f 525 529 436
f 526 530 527
f 527 530 531
f 527 531 528
f 528 531 532
f 528 532 529
f 529 532 436
f 530 533 531
f 531 533 534
f 531 534 532
f 532 534 436
f 533 535 534
f 534 535 436
f 347 536 436
f 436 536 537
f 436 537 538
f 538 537 539
f 538 539 540
f 540 539 541
f 540 541 542
f 542 541 543
f 542 543 544
f 544 543 545
f 544 545 546
f 546 545 547
f 546 547 548
f 548 547 549
f 548 549 422
f 422 549 420
f 348 346 550
f 550 346 474
f 550 474 551
f 551 474 476
f 551 476 552
f 552 476 478
f 552 478 553
f 553 478 480
f 553 480 554
f 554 480 482
f 554 482 555
f 555 482 484
f 555 484 556
f 556 484 486
f 556 486 557
f 557 486 488
f 557 488 558
f 558 488 490
f 558 490 559
f 559 490 492
f 559 492 343
f 349 560 347
f 347 560 561
f 347 561 562
f 562 561 563
f 562 563 564
f 564 563 565
f 564 565 566
f 566 565 567
f 566 567 568
f 568 567 569
f 568 569 570
f 570 569 571
f 570 571 572
f 572 571 573
f 572 573 574
f 574 573 575
f 574 575 576
f 576 575 577
f 576 577 374
f 374 577 372
f 349 351 560
f 560 351 578
f 560 578 561
f 561 578 563
f 562 579 347
f 347 579 580
f 347 580 581
f 581 580 582
f 581 582 583
f 583 582 584
f 583 584 585
f 585 584 586
f 585 586 587
f 587 586 588
f 587 588 589
f 589 588 590
f 589 590 380
f 380 590 378
f 562 564 579
f 579 564 591
f 579 591 580
f 580 591 582
f 581 592 347
f 347 592 593
f 347 593 594
f 594 593 595
f 594 595 596
f 596 595 597
f 596 597 386
f 386 597 384
f 581 583 592
f 592 583 598
f 592 598 593
f 593 598 595
f 390 347 599
f 599 347 594
f 599 594 596
f 388 390 599
f 388 599 596
f 392 391 600
f 600 391 389
f 600 389 601
f 601 389 387
f 601 387 602
f 602 387 385
f 602 385 603
f 603 385 383
f 603 383 604
f 604 383 381
f 604 381 605
f 605 381 379
f 605 379 606
f 606 379 377
f 606 377 499
f 393 607 347
f 347 607 608
f 347 608 536
f 536 608 609
f 536 609 610
f 610 609 611
f 610 611 612
f 612 611 613
f 612 613 614
f 614 613 615
f 614 615 616
f 616 615 617
f 616 617 618
f 618 617 619
f 618 619 620
f 620 619 621
f 620 621 622
f 622 621 623
f 622 623 418
f 418 623 416
f 393 395 607
f 607 395 624
f 607 624 608
f 608 624 609
f 539 537 610
f 610 537 536
f 538 625 436
f 436 625 626
f 436 626 627
f 627 626 628
f 627 628 629
f 629 628 630
f 629 630 631
f 631 630 632
f 631 632 428
f 428 632 426
f 538 540 625
f 625 540 633
f 625 633 626
f 626 633 628
f 627 634 436
f 436 634 635
f 436 635 434
f 434 635 432
f 627 629 634
f 634 629 636
f 634 636 635
f 635 636 432
f 437 435 637
f 637 435 433
f 637 433 638
f 638 433 431
f 638 431 473
f 348 550 350
f 350 550 639
f 350 639 352
f 352 639 640
f 352 640 354
f 354 640 641
f 354 641 356
f 356 641 642
f 356 642 358
f 358 642 643
f 358 643 360
f 360 643 644
f 360 644 362
f 362 644 645
f 362 645 364
f 364 645 646
f 364 646 366
f 366 646 647
f 366 647 368
f 368 647 343
f 639 550 551
f 351 353 578
f 578 353 648
f 578 648 563
f 563 648 565
f 564 566 591
f 591 566 649
f 591 649 582
f 582 649 584
f 583 585 598
f 598 585 650
f 598 650 595
f 595 650 597
f 386 388 596
f 392 600 394
f 394 600 651
f 394 651 396
f 396 651 652
f 396 652 398
f 398 652 653
f 398 653 400
f 400 653 654
f 400 654 402
f 402 654 655
f 402 655 404
f 404 655 656
f 404 656 406
f 406 656 657
f 406 657 408
f 408 657 658
f 408 658 410
f 410 658 659
f 410 659 412
f 412 659 344
f 651 600 601
f 395 397 624
f 624 397 660
f 624 660 609
f 609 660 611
f 541 539 612
f 612 539 610
f 540 542 633
f 633 542 661
f 633 661 628
f 628 661 630
f 430 432 636
f 430 636 631
f 631 636 629
f 437 637 439
f 439 637 662
f 439 662 441
f 441 662 663
f 441 663 443
f 443 663 664
f 443 664 445
f 445 664 665
f 445 665 447
f 447 665 666
f 447 666 449
f 449 666 667
f 449 667 451
f 451 667 668
f 451 668 453
f 453 668 456
f 662 637 638
f 639 551 669
f 669 551 552
f 669 552 670
f 670 552 553
f 670 553 671
f 671 553 554
f 671 554 672
f 672 554 555
f 672 555 673
f 673 555 556
f 673 556 674
f 674 556 557
f 674 557 675
f 675 557 558
f 675 558 676
f 676 558 559
f 676 559 343
f 353 355 648
f 648 355 677
f 648 677 565
f 565 677 567
f 566 568 649
f 649 568 678
f 649 678 584
f 584 678 586
f 585 587 650
f 650 587 679
f 650 679 597
f 597 679 384
f 651 601 680
f 680 601 602
f 680 602 681
f 681 602 603
f 681 603 682
f 682 603 604
f 682 604 683
f 683 604 605
f 683 605 684
f 684 605 606
f 684 606 685
f 685 606 499
f 685 499 497
f 397 399 660
f 660 399 686
f 660 686 611
f 611 686 613
f 543 541 614
f 614 541 612
f 542 544 661
f 661 544 687
f 661 687 630
f 630 687 632
f 428 430 631
f 662 638 688
f 688 638 473
f 688 473 471
f 639 669 640
f 640 669 689
f 640 689 641
f 641 689 690
f 641 690 642
f 642 690 691
f 642 691 643
f 643 691 692
f 643 692 644
f 644 692 693
f 644 693 645
f 645 693 694
f 645 694 646
f 646 694 695
f 646 695 647
f 647 695 343
f 689 669 670
f 355 357 677
f 677 357 696
f 677 696 567
f 567 696 569
f 568 570 678
f 678 570 697
f 678 697 586
f 586 697 588
f 382 384 679
f 382 679 589
f 589 679 587
f 651 680 652
f 652 680 698
f 652 698 653
f 653 698 699
f 653 699 654
f 654 699 700
f 654 700 655
f 655 700 701
f 655 701 656
f 656 701 702
f 656 702 657
f 657 702 703
f 657 703 658
f 658 703 704
f 658 704 659
f 659 704 344
f 698 680 681
f 399 401 686
f 686 401 705
f 686 705 613
f 613 705 615
f 545 543 616
f 616 543 614
f 544 546 687
f 687 546 706
f 687 706 632
f 632 706 426
f 472 429 427
f 662 688 663
f 663 688 707
f 663 707 664
f 664 707 708
f 664 708 665
f 665 708 709
f 665 709 666
f 666 709 710
f 666 710 667
f 667 710 711
f 667 711 668
f 668 711 712
f 668 712 456
f 456 712 458
f 707 688 471
f 689 670 713
f 713 670 671
f 713 671 714
f 714 671 672
f 714 672 715
f 715 672 673
f 715 673 716
f 716 673 674
f 716 674 717
f 717 674 675
f 717 675 718
f 718 675 676
f 718 676 343
f 357 359 696
f 696 359 719
f 696 719 569
f 569 719 571
f 570 572 697
f 697 572 720
f 697 720 588
f 588 720 590
f 380 382 589
f 698 681 721
f 721 681 682
f 721 682 722
f 722 682 683
f 722 683 723
f 723 683 684
f 723 684 724
f 724 684 685
f 724 685 725
f 725 685 497
f 725 497 495
f 401 403 705
f 705 403 726
f 705 726 615
f 615 726 617
f 547 545 618
f 618 545 616
f 424 426 706
f 424 706 548
f 548 706 546
f 472 427 727
f 727 427 425
f 727 425 728
f 728 425 423
f 728 423 729
f 729 423 421
f 729 421 730
f 730 421 419
f 730 419 731
f 731 419 417
f 731 417 732
f 732 417 415
f 732 415 344
f 708 707 469
f 469 707 471
f 689 713 690
f 690 713 733
f 690 733 691
f 691 733 734
f 691 734 692
f 692 734 735
f 692 735 693
f 693 735 736
f 693 736 694
f 694 736 737
f 694 737 695
f 695 737 343
f 733 713 714
f 359 361 719
f 719 361 738
f 719 738 571
f 571 738 573
f 572 574 720
f 720 574 739
f 720 739 590
f 590 739 378
f 698 721 699
f 699 721 740
f 699 740 700
f 700 740 741
f 700 741 701
f 701 741 742
f 701 742 702
f 702 742 743
f 702 743 703
f 703 743 744
f 703 744 704
f 704 744 344
f 740 721 722
f 403 405 726
f 726 405 745
f 726 745 617
f 617 745 619
f 549 547 620
f 620 547 618
f 422 424 548
f 472 727 470
f 470 727 746
f 470 746 468
f 468 746 747
f 468 747 466
f 466 747 748
f 466 748 464
f 464 748 749
f 464 749 462
f 462 749 750
f 462 750 460
f 460 750 344
f 746 727 728
f 709 708 467
f 467 708 469
f 733 714 751
f 751 714 715
f 751 715 752
f 752 715 716
f 752 716 753
f 753 716 717
f 753 717 754
f 754 717 718
f 754 718 343
f 361 363 738
f 738 363 755
f 738 755 573
f 573 755 575
f 376 378 739
f 376 739 576
f 576 739 574
f 740 722 756
f 756 722 723
f 756 723 757
f 757 723 724
f 757 724 758
f 758 724 725
f 758 725 494
f 494 725 495
f 405 407 745
f 745 407 759
f 745 759 619
f 619 759 621
f 420 549 622
f 622 549 620
f 746 728 760
f 760 728 729
f 760 729 761
f 761 729 730
f 761 730 762
f 762 730 731
f 762 731 763
f 763 731 732
f 763 732 344
f 710 709 465
f 465 709 467
f 733 751 734
f 734 751 764
f 734 764 735
f 735 764 765
f 735 765 736
f 736 765 766
f 736 766 737
f 737 766 343
f 764 751 752
f 363 365 755
f 755 365 767
f 755 767 575
f 575 767 577
f 374 376 576
f 740 756 741
f 741 756 768
f 741 768 742
f 742 768 769
f 742 769 743
f 743 769 770
f 743 770 744
f 744 770 344
f 768 756 757
f 407 409 759
f 759 409 771
f 759 771 621
f 621 771 623
f 418 420 622
f 746 760 747
f 747 760 772
f 747 772 748
f 748 772 773
f 748 773 749
f 749 773 774
f 749 774 750
f 750 774 344
f 772 760 761
f 711 710 463
f 463 710 465
f 764 752 775
f 775 752 753
f 775 753 776
f 776 753 754
f 776 754 343
f 365 367 767
f 767 367 777
f 767 777 577
f 577 777 372
f 498 375 373
f 768 757 778
f 778 757 758
f 778 758 779
f 779 758 494
f 779 494 344
f 409 411 771
f 771 411 780
f 771 780 623
f 623 780 416
f 772 761 781
f 781 761 762
f 781 762 782
f 782 762 763
f 782 763 344
f 712 711 461
f 461 711 463
f 764 775 765
f 765 775 783
f 765 783 766
f 766 783 343
f 783 775 776
f 370 372 777
f 370 777 369
f 369 777 367
f 498 373 784
f 784 373 371
f 784 371 343
f 768 778 769
f 769 778 785
f 769 785 770
f 770 785 344
f 785 778 779
f 414 416 780
f 414 780 413
f 413 780 411
f 772 781 773
f 773 781 786
f 773 786 774
f 774 786 344
f 786 781 782
f 458 712 459
f 459 712 461
f 343 783 776
f 343 496 784
f 784 496 498
f 344 785 779
f 344 786 782
f 347 436 787
f 787 436 788
f 787 788 789
f 789 788 790
f 791 789 792
f 792 789 790
f 4 791 3
f 3 791 792
f 3 792 60
f 60 792 59
f 59 792 228
f 59 228 229
f 5 167 4
f 4 167 115
f 4 115 791
f 791 115 116
f 791 116 171
f 171 116 223
f 223 116 117
f 223 117 221
f 221 117 119
f 221 119 121
f 5 7 167
f 167 7 165
f 165 7 9
f 165 9 163
f 163 9 11
f 163 11 161
f 161 11 13
f 161 13 159
f 159 13 15
f 159 15 157
f 157 15 17
f 157 17 155
f 155 17 153
f 153 17 19
f 153 19 151
f 151 19 21
f 151 21 149
f 149 21 23
f 149 23 147
f 147 23 25
f 147 25 145
f 145 25 27
f 145 27 29
f 32 793 29
f 29 793 144
f 29 144 145
f 33 85 32
f 32 85 794
f 32 794 793
f 35 81 33
f 33 81 83
f 33 83 85
f 81 35 79
f 79 35 37
f 79 37 77
f 77 37 39
f 77 39 75
f 75 39 41
f 75 41 73
f 73 41 43
f 73 43 45
f 73 45 71
f 71 45 47
f 71 47 69
f 69 47 49
f 69 49 67
f 67 49 51
f 67 51 65
f 65 51 53
f 65 53 63
f 63 53 55
f 63 55 61
f 61 55 60
f 60 55 3
f 85 88 794
f 794 88 253
f 794 253 256
f 253 88 251
f 251 88 89
f 251 89 249
f 249 89 91
f 249 91 247
f 247 91 93
f 247 93 245
f 245 93 95
f 245 95 243
f 243 95 97
f 243 97 241
f 241 97 99
f 241 99 101
f 241 101 239
f 239 101 103
f 239 103 237
f 237 103 105
f 237 105 235
f 235 105 107
f 235 107 233
f 233 107 109
f 233 109 231
f 231 109 111
f 231 111 229
f 229 111 59
f 221 121 219
f 219 121 123
f 219 123 217
f 217 123 125
f 217 125 215
f 215 125 127
f 215 127 213
f 213 127 129
f 213 129 211
f 211 129 209
f 209 129 131
f 209 131 207
f 207 131 133
f 207 133 205
f 205 133 135
f 205 135 203
f 203 135 137
f 203 137 139
f 203 139 201
f 201 139 141
f 201 141 200
f 200 141 793
f 200 793 197
f 197 793 195
f 195 793 193
f 193 793 191
f 191 793 189
f 189 793 187
f 187 793 185
f 185 793 791
f 185 791 183
f 183 791 181
f 181 791 179
f 179 791 177
f 177 791 175
f 175 791 173
f 173 791 172
f 172 791 171
f 141 144 793
f 228 792 227
f 227 792 284
f 227 284 285
f 257 307 256
f 256 307 309
f 256 309 794
f 794 309 312
f 794 312 313
f 307 257 305
f 305 257 259
f 305 259 303
f 303 259 261
f 303 261 301
f 301 261 263
f 301 263 299
f 299 263 265
f 299 265 297
f 297 265 267
f 297 267 269
f 297 269 295
f 295 269 271
f 295 271 293
f 293 271 273
f 293 273 291
f 291 273 275
f 291 275 289
f 289 275 277
f 289 277 287
f 287 277 279
f 287 279 285
f 285 279 227
f 335 283 792
f 792 283 284
f 313 315 794
f 794 315 317
f 794 317 319
f 319 321 794
f 794 321 323
f 794 323 325
f 794 325 792
f 792 325 327
f 792 327 329
f 329 331 792
f 792 331 333
f 792 333 335
f 795 793 796
f 796 793 794
f 795 796 797
f 797 796 798
f 797 798 799
f 799 798 800
f 801 802 803
f 803 802 804
f 803 804 805
f 805 804 806
f 805 806 807
f 807 806 808
f 807 808 809
f 809 808 810
f 809 810 811
f 811 810 812
f 811 812 813
f 813 812 814
f 813 814 815
f 815 814 816
f 815 816 817
f 817 816 818
f 817 818 819
f 819 818 820
f 819 820 821
f 821 820 822
f 821 822 823
f 823 822 824
f 823 824 825
f 825 824 799
f 825 799 826
f 826 799 827
f 826 827 828
f 828 827 829
f 828 829 830
f 830 829 831
f 830 831 832
f 832 831 833
f 832 833 834
f 834 833 835
f 834 835 836
f 836 835 837
f 836 837 838
f 838 837 839
f 838 839 840
f 840 839 841
f 840 841 842
f 842 841 843
f 842 843 844
f 844 843 845
f 844 845 846
f 846 845 847
f 846 847 803
f 803 847 848
f 803 848 849
f 849 848 850
f 849 850 851
f 851 850 852
f 851 852 853
f 853 852 854
f 853 854 855
f 855 854 856
f 855 856 857
f 857 856 858
f 857 858 859
f 859 858 860
f 859 860 861
f 861 860 862
f 861 862 863
f 863 862 864
f 863 864 865
f 865 864 866
f 865 866 867
f 867 866 868
f 867 868 869
f 869 868 800
f 869 800 870
f 870 800 871
f 870 871 872
f 872 871 873
f 872 873 874
f 874 873 875
f 874 875 876
f 876 875 877
f 876 877 878
f 878 877 879
f 878 879 880
f 880 879 881
f 880 881 882
f 882 881 883
f 882 883 884
f 884 883 885
f 884 885 886
f 886 885 887
f 886 887 888
f 888 887 889
f 888 889 890
f 890 889 891
f 890 891 892
f 892 891 893
f 892 893 894
f 894 893 895
f 894 895 896
f 896 895 897
f 896 897 898
f 898 897 899
f 898 899 900
f 900 899 901
f 900 901 902
f 902 901 903
f 902 903 904
f 904 903 905
f 904 905 906
f 906 905 907
f 906 907 908
f 908 907 909
f 908 909 910
f 910 909 911
f 911 909 912
f 911 912 913
f 913 912 914
f 913 914 800
f 800 914 915
f 800 915 916
f 916 915 917
f 916 917 918
f 918 917 919
f 918 919 920
f 920 919 921
f 920 921 922
f 922 921 923
f 922 923 924
f 924 923 925
f 924 925 926
f 926 925 927
f 926 927 928
f 928 927 929
f 928 929 885
f 885 929 887
f 802 801 930
f 930 801 931
f 930 931 932
f 932 931 933
f 932 933 934
f 934 933 935
f 934 935 936
f 936 935 937
f 936 937 938
f 938 937 939
f 938 939 940
f 940 939 941
f 940 941 942
f 942 941 943
f 942 943 944
f 944 943 945
f 944 945 946
f 946 945 947
f 946 947 948
f 948 947 949
f 948 949 799
f 800 950 799
f 799 950 951
f 799 951 952
f 952 951 953
f 952 953 954
f 954 953 955
f 954 955 831
f 831 955 833
f 910 956 908
f 908 956 957
f 908 957 906
f 906 957 958
f 906 958 904
f 904 958 959
f 904 959 902
f 902 959 960
f 902 960 900
f 900 960 961
f 900 961 898
f 898 961 962
f 898 962 896
f 896 962 963
f 896 963 894
f 894 963 892
f 956 964 957
f 957 964 965
f 957 965 958
f 958 965 966
f 958 966 959
f 959 966 967
f 959 967 960
f 960 967 968
f 960 968 961
f 961 968 969
f 961 969 962
f 962 969 970
f 962 970 963
f 963 970 892
f 964 971 965
f 965 971 972
f 965 972 966
f 966 972 973
f 966 973 967
f 967 973 974
f 967 974 968
f 968 974 975
f 968 975 969
f 969 975 976
f 969 976 970
f 970 976 892
f 971 977 972
f 972 977 978
f 972 978 973
f 973 978 979
f 973 979 974
f 974 979 980
f 974 980 975
f 975 980 981
f 975 981 976
f 976 981 892
f 977 982 978
f 978 982 983
f 978 983 979
f 979 983 984
f 979 984 980
f 980 984 985
f 980 985 981
f 981 985 892
f 982 986 983
f 983 986 987
f 983 987 984
f 984 987 988
f 984 988 985
f 985 988 892
f 986 989 987
f 987 989 990
f 987 990 988
f 988 990 892
f 989 991 990
f 990 991 892
f 803 992 892
f 892 992 993
f 892 993 994
f 994 993 995
f 994 995 996
f 996 995 997
f 996 997 998
f 998 997 999
f 998 999 1000
f 1000 999 1001
f 1000 1001 1002
f 1002 1001 1003
f 1002 1003 1004
f 1004 1003 1005
f 1004 1005 878
f 878 1005 876
f 804 802 1006
f 1006 802 930
f 1006 930 1007
f 1007 930 932
f 1007 932 1008
f 1008 932 934
f 1008 934 1009
f 1009 934 936
f 1009 936 1010
f 1010 936 938
f 1010 938 1011
f 1011 938 940
f 1011 940 1012
f 1012 940 942
f 1012 942 1013
f 1013 942 944
f 1013 944 1014
f 1014 944 946
f 1014 946 1015
f 1015 946 948
f 1015 948 799
f 805 1016 803
f 803 1016 1017
f 803 1017 1018
f 1018 1017 1019
f 1018 1019 1020
f 1020 1019 1021
f 1020 1021 1022
f 1022 1021 1023
f 1022 1023 1024
f 1024 1023 1025
f 1024 1025 1026
f 1026 1025 1027
f 1026 1027 1028
f 1028 1027 1029
f 1028 1029 1030
f 1030 1029 1031
f 1030 1031 1032
f 1032 1031 1033
f 1032 1033 830
f 830 1033 828
f 805 807 1016
f 1016 807 1034
f 1016 1034 1017
f 1017 1034 1019
f 1018 1035 803
f 803 1035 1036
f 803 1036 1037
f 1037 1036 1038
f 1037 1038 1039
f 1039 1038 1040
f 1039 1040 1041
f 1041 1040 1042
f 1041 1042 1043
f 1043 1042 1044
f 1043 1044 1045
f 1045 1044 1046
f 1045 1046 836
f 836 1046 834
f 1018 1020 1035
f 1035 1020 1047
f 1035 1047 1036
f 1036 1047 1038
f 1037 1048 803
f 803 1048 1049
f 803 1049 1050
f 1050 1049 1051
f 1050 1051 1052
f 1052 1051 1053
f 1052 1053 842
f 842 1053 840
f 1037 1039 1048
f 1048 1039 1054
f 1048 1054 1049
f 1049 1054 1051
f 846 803 1055
f 1055 803 1050
f 1055 1050 1052
f 844 846 1055
f 844 1055 1052
f 848 847 1056
f 1056 847 845
f 1056 845 1057
f 1057 845 843
f 1057 843 1058
f 1058 843 841
f 1058 841 1059
f 1059 841 839
f 1059 839 1060
f 1060 839 837
f 1060 837 1061
f 1061 837 835
f 1061 835 1062
f 1062 835 833
f 1062 833 955
f 849 1063 803
f 803 1063 1064
f 803 1064 992
f 992 1064 1065
f 992 1065 1066
f 1066 1065 1067
f 1066 1067 1068
f 1068 1067 1069
f 1068 1069 1070
f 1070 1069 1071
f 1070 1071 1072
f 1072 1071 1073
f 1072 1073 1074
f 1074 1073 1075
f 1074 1075 1076
f 1076 1075 1077
f 1076 1077 1078
f 1078 1077 1079
f 1078 1079 874
f 874 1079 872
f 849 851 1063
f 1063 851 1080
f 1063 1080 1064
f 1064 1080 1065
f 995 993 1066
f 1066 993 992
f 994 1081 892
f 892 1081 1082
f 892 1082 1083
f 1083 1082 1084
f 1083 1084 1085
f 1085 1084 1086
f 1085 1086 1087
f 1087 1086 1088
f 1087 1088 884
f 884 1088 882
f 994 996 1081
f 1081 996 1089
f 1081 1089 1082
f 1082 1089 1084
f 1083 1090 892
f 892 1090 1091
f 892 1091 890
f 890 1091 888
f 1083 1085 1090
f 1090 1085 1092
f 1090 1092 1091
f 1091 1092 888
f 893 891 1093
f 1093 891 889
f 1093 889 1094
f 1094 889 887
f 1094 887 929
f 804 1006 806
f 806 1006 1095
f 806 1095 808
f 808 1095 1096
f 808 1096 810
f 810 1096 1097
f 810 1097 812
f 812 1097 1098
f 812 1098 814
f 814 1098 1099
f 814 1099 816
f 816 1099 1100
f 816 1100 818
f 818 1100 1101
f 818 1101 820
f 820 1101 1102
f 820 1102 822
f 822 1102 1103
f 822 1103 824
f 824 1103 799
f 1095 1006 1007
f 807 809 1034
f 1034 809 1104
f 1034 1104 1019
f 1019 1104 1021
f 1020 1022 1047
f 1047 1022 1105
f 1047 1105 1038
f 1038 1105 1040
f 1039 1041 1054
f 1054 1041 1106
f 1054 1106 1051
f 1051 1106 1053
f 842 844 1052
f 848 1056 850
f 850 1056 1107
f 850 1107 852
f 852 1107 1108
f 852 1108 854
f 854 1108 1109
f 854 1109 856
f 856 1109 1110
f 856 1110 858
f 858 1110 1111
f 858 1111 860
f 860 1111 1112
f 860 1112 862
f 862 1112 1113
f 862 1113 864
f 864 1113 1114
f 864 1114 866
f 866 1114 1115
f 866 1115 868
f 868 1115 800
f 1107 1056 1057
f 851 853 1080
f 1080 853 1116
f 1080 1116 1065
f 1065 1116 1067
f 997 995 1068
f 1068 995 1066
f 996 998 1089
f 1089 998 1117
f 1089 1117 1084
f 1084 1117 1086
f 886 888 1092
f 886 1092 1087
f 1087 1092 1085
f 893 1093 895
f 895 1093 1118
f 895 1118 897
f 897 1118 1119
f 897 1119 899
f 899 1119 1120
f 899 1120 901
f 901 1120 1121
f 901 1121 903
f 903 1121 1122
f 903 1122 905
f 905 1122 1123
f 905 1123 907
f 907 1123 1124
f 907 1124 909
f 909 1124 912
f 1118 1093 1094
f 1095 1007 1125
f 1125 1007 1008
f 1125 1008 1126
f 1126 1008 1009
f 1126 1009 1127
f 1127 1009 1010
f 1127 1010 1128
f 1128 1010 1011
f 1128 1011 1129
f 1129 1011 1012
f 1129 1012 1130
f 1130 1012 1013
f 1130 1013 1131
f 1131 1013 1014
f 1131 1014 1132
f 1132 1014 1015
f 1132 1015 799
f 809 811 1104
f 1104 811 1133
f 1104 1133 1021
f 1021 1133 1023
f 1022 1024 1105
f 1105 1024 1134
f 1105 1134 1040
f 1040 1134 1042
f 1041 1043 1106
f 1106 1043 1135
f 1106 1135 1053
f 1053 1135 840
f 1107 1057 1136
f 1136 1057 1058
f 1136 1058 1137
f 1137 1058 1059
f 1137 1059 1138
f 1138 1059 1060
f 1138 1060 1139
f 1139 1060 1061
f 1139 1061 1140
f 1140 1061 1062
f 1140 1062 1141
f 1141 1062 955
f 1141 955 953
f 853 855 1116
f 1116 855 1142
f 1116 1142 1067
f 1067 1142 1069
f 999 997 1070
f 1070 997 1068
f 998 1000 1117
f 1117 1000 1143
f 1117 1143 1086
f 1086 1143 1088
f 884 886 1087
f 1118 1094 1144
f 1144 1094 929
f 1144 929 927
f 1095 1125 1096
f 1096 1125 1145
f 1096 1145 1097
f 1097 1145 1146
f 1097 1146 1098
f 1098 1146 1147
f 1098 1147 1099
f 1099 1147 1148
f 1099 1148 1100
f 1100 1148 1149
f 1100 1149 1101
f 1101 1149 1150
f 1101 1150 1102
f 1102 1150 1151
f 1102 1151 1103
f 1103 1151 799
f 1145 1125 1126
f 811 813 1133
f 1133 813 1152
f 1133 1152 1023
f 1023 1152 1025
f 1024 1026 1134
f 1134 1026 1153
f 1134 1153 1042
f 1042 1153 1044
f 838 840 1135
f 838 1135 1045
f 1045 1135 1043
f 1107 1136 1108
f 1108 1136 1154
f 1108 1154 1109
f 1109 1154 1155
f 1109 1155 1110
f 1110 1155 1156
f 1110 1156 1111
f 1111 1156 1157
f 1111 1157 1112
f 1112 1157 1158
f 1112 1158 1113
f 1113 1158 1159
f 1113 1159 1114
f 1114 1159 1160
f 1114 1160 1115
f 1115 1160 800
f 1154 1136 1137
f 855 857 1142
f 1142 857 1161
f 1142 1161 1069
f 1069 1161 1071
f 1001 999 1072
f 1072 999 1070
f 1000 1002 1143
f 1143 1002 1162
f 1143 1162 1088
f 1088 1162 882
f 928 885 883
f 1118 1144 1119
f 1119 1144 1163
f 1119 1163 1120
f 1120 1163 1164
f 1120 1164 1121
f 1121 1164 1165
f 1121 1165 1122
f 1122 1165 1166
f 1122 1166 1123
f 1123 1166 1167
f 1123 1167 1124
f 1124 1167 1168
f 1124 1168 912
f 912 1168 914
f 1163 1144 927
f 1145 1126 1169
f 1169 1126 1127
f 1169 1127 1170
f 1170 1127 1128
f 1170 1128 1171
f 1171 1128 1129
f 1171 1129 1172
f 1172 1129 1130
f 1172 1130 1173
f 1173 1130 1131
f 1173 1131 1174
f 1174 1131 1132
f 1174 1132 799
f 813 815 1152
f 1152 815 1175
f 1152 1175 1025
f 1025 1175 1027
f 1026 1028 1153
f 1153 1028 1176
f 1153 1176 1044
f 1044 1176 1046
f 836 838 1045
f 1154 1137 1177
f 1177 1137 1138
f 1177 1138 1178
f 1178 1138 1139
f 1178 1139 1179
f 1179 1139 1140
f 1179 1140 1180
f 1180 1140 1141
f 1180 1141 1181
f 1181 1141 953
f 1181 953 951
f 857 859 1161
f 1161 859 1182
f 1161 1182 1071
f 1071 1182 1073
f 1003 1001 1074
f 1074 1001 1072
f 880 882 1162
f 880 1162 1004
f 1004 1162 1002
f 928 883 1183
f 1183 883 881
f 1183 881 1184
f 1184 881 879
f 1184 879 1185
f 1185 879 877
f 1185 877 1186
f 1186 877 875
f 1186 875 1187
f 1187 875 873
f 1187 873 1188
f 1188 873 871
f 1188 871 800
f 1164 1163 925
f 925 1163 927
f 1145 1169 1146
f 1146 1169 1189
f 1146 1189 1147
f 1147 1189 1190
f 1147 1190 1148
f 1148 1190 1191
f 1148 1191 1149
f 1149 1191 1192
f 1149 1192 1150
f 1150 1192 1193
f 1150 1193 1151
f 1151 1193 799
f 1189 1169 1170
f 815 817 1175
f 1175 817 1194
f 1175 1194 1027
f 1027 1194 1029
f 1028 1030 1176
f 1176 1030 1195
f 1176 1195 1046
f 1046 1195 834
f 1154 1177 1155
f 1155 1177 1196
f 1155 1196 1156
f 1156 1196 1197
f 1156 1197 1157
f 1157 1197 1198
f 1157 1198 1158
f 1158 1198 1199
f 1158 1199 1159
f 1159 1199 1200
f 1159 1200 1160
f 1160 1200 800
f 1196 1177 1178
f 859 861 1182
f 1182 861 1201
f 1182 1201 1073
f 1073 1201 1075
f 1005 1003 1076
f 1076 1003 1074
f 878 880 1004
f 928 1183 926
f 926 1183 1202
f 926 1202 924
f 924 1202 1203
f 924 1203 922
f 922 1203 1204
f 922 1204 920
f 920 1204 1205
f 920 1205 918
f 918 1205 1206
f 918 1206 916
f 916 1206 800
f 1202 1183 1184
f 1165 1164 923
f 923 1164 925
f 1189 1170 1207
f 1207 1170 1171
f 1207 1171 1208
f 1208 1171 1172
f 1208 1172 1209
f 1209 1172 1173
f 1209 1173 1210
f 1210 1173 1174
f 1210 1174 799
f 817 819 1194
f 1194 819 1211
f 1194 1211 1029
f 1029 1211 1031
f 832 834 1195
f 832 1195 1032
f 1032 1195 1030
f 1196 1178 1212
f 1212 1178 1179
f 1212 1179 1213
f 1213 1179 1180
f 1213 1180 1214
f 1214 1180 1181
f 1214 1181 950
f 950 1181 951
f 861 863 1201
f 1201 863 1215
f 1201 1215 1075
f 1075 1215 1077
f 876 1005 1078
f 1078 1005 1076
f 1202 1184 1216
f 1216 1184 1185
f 1216 1185 1217
f 1217 1185 1186
f 1217 1186 1218
f 1218 1186 1187
f 1218 1187 1219
f 1219 1187 1188
f 1219 1188 800
f 1166 1165 921
f 921 1165 923
f 1189 1207 1190
f 1190 1207 1220
f 1190 1220 1191
f 1191 1220 1221
f 1191 1221 1192
f 1192 1221 1222
f 1192 1222 1193
f 1193 1222 799
f 1220 1207 1208
f 819 821 1211
f 1211 821 1223
f 1211 1223 1031
f 1031 1223 1033
f 830 832 1032
f 1196 1212 1197
f 1197 1212 1224
f 1197 1224 1198
f 1198 1224 1225
f 1198 1225 1199
f 1199 1225 1226
f 1199 1226 1200
f 1200 1226 800
f 1224 1212 1213
f 863 865 1215
f 1215 865 1227
f 1215 1227 1077
f 1077 1227 1079
f 874 876 1078
f 1202 1216 1203
f 1203 1216 1228
f 1203 1228 1204
f 1204 1228 1229
f 1204 1229 1205
f 1205 1229 1230
f 1205 1230 1206
f 1206 1230 800
f 1228 1216 1217
f 1167 1166 919
f 919 1166 921
f 1220 1208 1231
f 1231 1208 1209
f 1231 1209 1232
f 1232 1209 1210
f 1232 1210 799
f 821 823 1223
f 1223 823 1233
f 1223 1233 1033
f 1033 1233 828
f 954 831 829
f 1224 1213 1234
f 1234 1213 1214
f 1234 1214 1235
f 1235 1214 950
f 1235 950 800
f 865 867 1227
f 1227 867 1236
f 1227 1236 1079
f 1079 1236 872
f 1228 1217 1237
f 1237 1217 1218
f 1237 1218 1238
f 1238 1218 1219
f 1238 1219 800
f 1168 1167 917
f 917 1167 919
f 1220 1231 1221
f 1221 1231 1239
f 1221 1239 1222
f 1222 1239 799
f 1239 1231 1232
f 826 828 1233
f 826 1233 825
f 825 1233 823
f 954 829 1240
f 1240 829 827
f 1240 827 799
f 1224 1234 1225
f 1225 1234 1241
f 1225 1241 1226
f 1226 1241 800
f 1241 1234 1235
f 870 872 1236
f 870 1236 869
f 869 1236 867
f 1228 1237 1229
f 1229 1237 1242
f 1229 1242 1230
f 1230 1242 800
f 1242 1237 1238
f 914 1168 915
f 915 1168 917
f 799 1239 1232
f 799 952 1240
f 1240 952 954
f 800 1241 1235
f 800 1242 1238
f 803 892 1243
f 1243 892 1244
f 1245 1243 1246
f 1246 1243 1244
f 1247 1245 1248
f 1248 1245 1246
f 1 338 2
f 2 338 113
f 2 113 168
f 56 58 1
f 1 58 340
f 1 340 338
f 54 64 56
f 56 64 62
f 56 62 58
f 64 54 66
f 66 54 52
f 66 52 68
f 68 52 50
f 68 50 70
f 70 50 48
f 70 48 72
f 72 48 46
f 72 46 44
f 72 44 74
f 74 44 42
f 74 42 76
f 76 42 40
f 76 40 78
f 78 40 38
f 78 38 80
f 80 38 36
f 80 36 82
f 82 36 34
f 82 34 84
f 84 34 86
f 86 34 31
f 86 31 1248
f 1248 31 1247
f 1247 31 30
f 1247 30 143
f 143 30 146
f 146 30 28
f 146 28 26
f 146 26 148
f 148 26 24
f 148 24 150
f 150 24 22
f 150 22 152
f 152 22 20
f 152 20 154
f 154 20 18
f 154 18 156
f 156 18 16
f 156 16 158
f 158 16 160
f 160 16 14
f 160 14 162
f 162 14 12
f 162 12 164
f 164 12 10
f 164 10 166
f 166 10 8
f 166 8 168
f 168 8 6
f 168 6 2
f 58 57 340
f 340 57 226
f 340 226 225
f 226 57 230
f 230 57 112
f 230 112 232
f 232 112 110
f 232 110 234
f 234 110 108
f 234 108 236
f 236 108 106
f 236 106 238
f 238 106 104
f 238 104 240
f 240 104 102
f 240 102 100
f 240 100 242
f 242 100 98
f 242 98 244
f 244 98 96
f 244 96 246
f 246 96 94
f 246 94 248
f 248 94 92
f 248 92 250
f 250 92 90
f 250 90 252
f 252 90 87
f 252 87 254
f 254 87 1248
f 254 1248 255
f 255 1248 310
f 255 310 308
f 87 86 1248
f 113 338 114
f 114 338 169
f 114 169 224
f 143 142 1247
f 1247 142 199
f 1247 199 198
f 199 142 202
f 202 142 140
f 202 140 204
f 204 140 138
f 204 138 136
f 204 136 206
f 206 136 134
f 206 134 208
f 208 134 132
f 208 132 210
f 210 132 130
f 210 130 212
f 212 130 128
f 212 128 214
f 214 128 216
f 216 128 126
f 216 126 218
f 218 126 124
f 218 124 220
f 220 124 122
f 220 122 222
f 222 122 120
f 222 120 118
f 222 118 224
f 224 118 114
f 174 170 338
f 338 170 169
f 198 196 1247
f 1247 196 194
f 1247 194 192
f 192 190 1247
f 1247 190 188
f 1247 188 186
f 186 184 1247
f 1247 184 338
f 338 184 182
f 338 182 180
f 180 178 338
f 338 178 176
f 338 176 174
f 280 286 225
f 225 286 282
f 225 282 340
f 340 282 281
f 340 281 336
f 286 280 288
f 288 280 278
f 288 278 290
f 290 278 276
f 290 276 292
f 292 276 274
f 292 274 294
f 294 274 272
f 294 272 296
f 296 272 270
f 296 270 268
f 296 268 298
f 298 268 266
f 298 266 300
f 300 266 264
f 300 264 302
f 302 264 262
f 302 262 304
f 304 262 260
f 304 260 306
f 306 260 258
f 306 258 308
f 308 258 255
f 336 334 340
f 340 334 332
f 340 332 330
f 330 328 340
f 340 328 326
f 340 326 324
f 340 324 1248
f 1248 324 322
f 1248 322 320
f 320 318 1248
f 1248 318 316
f 1248 316 314
f 314 311 1248
f 1248 311 310
f 1248 792 340
f 340 792 790
f 340 790 339
f 339 790 788
f 339 788 342
f 342 788 344
f 344 788 508
f 344 508 500
f 792 1248 794
f 794 1248 1246
f 794 1246 796
f 796 1246 1244
f 796 1244 798
f 798 1244 892
f 798 892 977
f 977 892 982
f 982 892 986
f 986 892 989
f 989 892 991
f 977 971 798
f 798 971 964
f 798 964 800
f 800 964 956
f 800 956 910
f 910 911 800
f 800 911 913
f 436 521 788
f 788 521 515
f 788 515 508
f 535 533 436
f 436 533 530
f 436 530 526
f 526 521 436
f 500 454 344
f 344 454 455
f 344 455 457
f 1245 1247 793
f 793 1247 338
f 793 338 791
f 791 338 789
f 789 338 337
f 789 337 787
f 787 337 341
f 787 341 343
f 493 491 343
f 343 491 489
f 343 489 487
f 487 485 343
f 343 485 787
f 485 483 787
f 787 483 481
f 787 481 347
f 347 481 479
f 347 479 477
f 477 475 347
f 347 475 345
f 793 795 1245
f 1245 795 797
f 1245 797 1243
f 1243 797 803
f 803 797 937
f 803 937 935
f 799 941 797
f 797 941 939
f 797 939 937
f 949 947 799
f 799 947 945
f 799 945 943
f 943 941 799
f 935 933 803
f 803 933 931
f 803 931 801
f 1249 1250 1251
f 1251 1250 1252
f 1251 1252 1253
f 1253 1252 1254
f 1253 1254 1255
f 1255 1254 1256
f 1255 1256 1257
f 1257 1256 1258
f 1257 1258 1259
f 1259 1258 1260
f 1259 1260 1261
f 1261 1260 1262
f 1261 1262 1263
f 1263 1262 1264
f 1263 1264 1265
f 1265 1264 1266
f 1265 1266 1267
f 1267 1266 1268
f 1267 1268 1269
f 1269 1268 1270
f 1269 1270 1271
f 1271 1270 1272
f 1271 1272 1273
f 1273 1272 1274
f 1273 1274 1275
f 1275 1274 1276
f 1276 1277 1275
f 1275 1277 1278
f 1278 1277 1279
f 1279 1277 1280
f 1279 1280 1281
f 1281 1280 1282
f 1281 1282 1283
f 1283 1282 1284
f 1283 1284 1285
f 1285 1284 1286
f 1285 1286 1287
f 1287 1286 1288
f 1287 1288 1289
f 1289 1288 1290
f 1289 1290 1291
f 1291 1290 1292
f 1291 1292 1293
f 1293 1292 1294
f 1293 1294 1295
f 1295 1294 1296
f 1295 1296 1297
f 1297 1296 1298
f 1297 1298 1299
f 1299 1298 1300
f 1299 1300 1301
f 1301 1300 1302
f 1301 1302 1303
f 1303 1302 1304
f 1304 1250 1303
f 1303 1250 1249
f 1305 1306 1307
f 1307 1306 1308
f 1307 1308 1309
f 1309 1308 1310
f 1309 1310 1311
f 1311 1310 1312
f 1311 1312 1313
f 1313 1312 1314
f 1313 1314 1315
f 1315 1314 1316
f 1315 1316 1317
f 1317 1316 1318
f 1317 1318 1319
f 1319 1318 1320
f 1319 1320 1321
f 1321 1320 1322
f 1321 1322 1323
f 1323 1322 1324
f 1323 1324 1325
f 1325 1324 1326
f 1325 1326 1327
f 1327 1326 1328
f 1327 1328 1329
f 1329 1328 1330
f 1329 1330 1331
f 1331 1330 1332
f 1332 1333 1331
f 1331 1333 1334
f 1334 1333 1335
f 1335 1333 1336
f 1335 1336 1337
f 1337 1336 1338
f 1337 1338 1339
f 1339 1338 1340
f 1339 1340 1341
f 1341 1340 1342
f 1341 1342 1343
f 1343 1342 1344
f 1343 1344 1345
f 1345 1344 1346
f 1345 1346 1347
f 1347 1346 1348
f 1347 1348 1349
f 1349 1348 1350
f 1349 1350 1351
f 1351 1350 1352
f 1351 1352 1353
f 1353 1352 1354
f 1353 1354 1355
f 1355 1354 1356
f 1355 1356 1357
f 1357 1356 1358
f 1357 1358 1359
f 1359 1358 1360
f 1360 1306 1359
f 1359 1306 1305
f 1361 1362 1363
f 1363 1362 1364
f 1363 1364 1365
f 1365 1364 1366
f 1365 1366 1367
f 1367 1366 1368
f 1367 1368 1369
f 1369 1368 1370
f 1369 1370 1371
f 1371 1370 1372
f 1371 1372 1373
f 1373 1372 1374
f 1373 1374 1375
f 1375 1374 1376
f 1375 1376 1377
f 1377 1376 1378
f 1377 1378 1379
f 1379 1378 1380
f 1379 1380 1381
f 1381 1380 1382
f 1381 1382 1383
f 1383 1382 1384
f 1383 1384 1385
f 1385 1384 1386
f 1385 1386 1387
f 1387 1386 1388
f 1388 1389 1387
f 1387 1389 1390
f 1390 1389 1391
f 1391 1389 1392
f 1391 1392 1393
f 1393 1392 1394
f 1393 1394 1395
f 1395 1394 1396
f 1395 1396 1397
f 1397 1396 1398
f 1397 1398 1399
f 1399 1398 1400
f 1399 1400 1401
f 1401 1400 1402
f 1401 1402 1403
f 1403 1402 1404
f 1403 1404 1405
f 1405 1404 1406
f 1405 1406 1407
f 1407 1406 1408
f 1407 1408 1409
f 1409 1408 1410
f 1409 1410 1411
f 1411 1410 1412
f 1411 1412 1413
f 1413 1412 1414
f 1413 1414 1415
f 1415 1414 1416
f 1416 1362 1415
f 1415 1362 1361
f 1417 1418 1419
f 1419 1418 1420
f 1419 1420 1421
f 1421 1420 1422
f 1421 1422 1423
f 1423 1422 1424
f 1423 1424 1425
f 1425 1424 1426
f 1425 1426 1427
f 1427 1426 1428
f 1427 1428 1429
f 1429 1428 1430
f 1429 1430 1431
f 1431 1430 1432
f 1431 1432 1433
f 1433 1432 1434
f 1433 1434 1435
f 1435 1434 1436
f 1435 1436 1437
f 1437 1436 1438
f 1437 1438 1439
f 1439 1438 1440
f 1439 1440 1441
f 1441 1440 1442
f 1441 1442 1443
f 1443 1442 1444
f 1444 1445 1443
f 1443 1445 1446
f 1446 1445 1447
f 1447 1445 1448
f 1447 1448 1449
f 1449 1448 1450
f 1449 1450 1451
f 1451 1450 1452
f 1451 1452 1453
f 1453 1452 1454
f 1453 1454 1455
f 1455 1454 1456
f 1455 1456 1457
f 1457 1456 1458
f 1457 1458 1459
f 1459 1458 1460
f 1459 1460 1461
f 1461 1460 1462
f 1461 1462 1463
f 1463 1462 1464
f 1463 1464 1465
f 1465 1464 1466
f 1465 1466 1467
f 1467 1466 1468
f 1467 1468 1469
f 1469 1468 1470
f 1469 1470 1471
f 1471 1470 1472
f 1472 1418 1471
f 1471 1418 1417
f 1473 1474 1475
f 1475 1474 1476
f 1475 1476 1477
f 1477 1476 1478
f 1477 1478 1479
f 1479 1478 1480
f 1479 1480 1481
f 1481 1480 1482
f 1481 1482 1483
f 1483 1482 1484
f 1483 1484 1485
f 1485 1484 1486
f 1485 1486 1487
f 1487 1486 1488
f 1487 1488 1489
f 1489 1488 1490
f 1489 1490 1491
f 1491 1490 1492
f 1491 1492 1493
f 1493 1492 1494
f 1493 1494 1495
f 1495 1494 1496
f 1495 1496 1497
f 1497 1496 1498
f 1497 1498 1499
f 1499 1498 1500
f 1500 1501 1499
f 1499 1501 1502
f 1502 1501 1503
f 1503 1501 1504
f 1503 1504 1505
f 1505 1504 1506
f 1505 1506 1507
f 1507 1506 1508
f 1507 1508 1509
f 1509 1508 1510
f 1509 1510 1511
f 1511 1510 1512
f 1511 1512 1513
f 1513 1512 1514
f 1513 1514 1515
f 1515 1514 1516
f 1515 1516 1517
f 1517 1516 1518
f 1517 1518 1519
f 1519 1518 1520
f 1519 1520 1521
f 1521 1520 1522
f 1521 1522 1523
f 1523 1522 1524
f 1523 1524 1525
f 1525 1524 1526
f 1525 1526 1527
f 1527 1526 1528
f 1528 1474 1527
f 1527 1474 1473
f 1529 1530 1531
f 1531 1530 1532
f 1532 1530 1533
f 1533 1530 1534
f 1533 1534 1535
f 1535 1534 1536
f 1535 1536 1537
f 1537 1536 1538
f 1537 1538 1539
f 1539 1538 1540
f 1539 1540 1541
f 1541 1540 1542
f 1541 1542 1543
f 1543 1542 1544
f 1543 1544 1545
f 1545 1544 1546
f 1545 1546 1547
f 1547 1546 1548
f 1547 1548 1549
f 1549 1548 1550
f 1549 1550 1551
f 1551 1550 1552
f 1551 1552 1553
f 1553 1552 1554
f 1553 1554 1555
f 1555 1554 1556
f 1555 1556 1557
f 1557 1556 1558
f 1558 1559 1557
f 1557 1559 1560
f 1560 1559 1561
f 1561 1559 1562
f 1561 1562 1563
f 1563 1562 1564
f 1563 1564 1565
f 1565 1564 1566
f 1565 1566 1567
f 1567 1566 1568
f 1567 1568 1569
f 1569 1568 1570
f 1569 1570 1571
f 1571 1570 1572
f 1571 1572 1573
f 1573 1572 1574
f 1573 1574 1575
f 1575 1574 1576
f 1575 1576 1577
f 1577 1576 1578
f 1577 1578 1579
f 1579 1578 1580
f 1579 1580 1581
f 1581 1580 1582
f 1581 1582 1583
f 1583 1582 1584
f 1583 1584 1531
f 1531 1584 1529
f 1585 1586 1587
f 1587 1586 1588
f 1589 1585 1590
f 1590 1585 1587
f 1589 1590 1591
f 1591 1590 1592
f 1593 1594 1595
f 1595 1594 1596
f 1595 1596 1597
f 1597 1596 1598
f 1597 1598 1599
f 1599 1598 1600
f 1599 1600 1601
f 1601 1600 1602
f 1601 1602 1603
f 1603 1602 1604
f 1603 1604 1605
f 1605 1604 1606
f 1605 1606 1607
f 1607 1606 1608
f 1607 1608 1609
f 1609 1608 1610
f 1609 1610 1611
f 1611 1610 1612
f 1611 1612 1613
f 1613 1612 1614
f 1613 1614 1615
f 1615 1614 1616
f 1615 1616 1617
f 1617 1616 1591
f 1617 1591 1618
f 1618 1591 1619
f 1618 1619 1620
f 1620 1619 1621
f 1620 1621 1622
f 1622 1621 1623
f 1622 1623 1624
f 1624 1623 1625
f 1624 1625 1626
f 1626 1625 1627
f 1626 1627 1628
f 1628 1627 1629
f 1628 1629 1630
f 1630 1629 1631
f 1630 1631 1632
f 1632 1631 1633
f 1632 1633 1634
f 1634 1633 1635
f 1634 1635 1636
f 1636 1635 1637
f 1636 1637 1638
f 1638 1637 1639
f 1638 1639 1595
f 1595 1639 1640
f 1595 1640 1641
f 1641 1640 1642
f 1641 1642 1643
f 1643 1642 1644
f 1643 1644 1645
f 1645 1644 1646
f 1645 1646 1647
f 1647 1646 1648
f 1647 1648 1649
f 1649 1648 1650
f 1649 1650 1651
f 1651 1650 1652
f 1651 1652 1653
f 1653 1652 1654
f 1653 1654 1655
f 1655 1654 1656
f 1655 1656 1657
f 1657 1656 1658
f 1657 1658 1659
f 1659 1658 1660
f 1659 1660 1661
f 1661 1660 1592
f 1661 1592 1662
f 1662 1592 1663
f 1662 1663 1664
f 1664 1663 1665
f 1664 1665 1666
f 1666 1665 1667
f 1666 1667 1668
f 1668 1667 1669
f 1668 1669 1670
f 1670 1669 1671
f 1670 1671 1672
f 1672 1671 1673
f 1672 1673 1674
f 1674 1673 1675
f 1674 1675 1676
f 1676 1675 1677
f 1676 1677 1678
f 1678 1677 1679
f 1678 1679 1680
f 1680 1679 1681
f 1680 1681 1682
f 1682 1681 1683
f 1682 1683 1684
f 1684 1683 1685
f 1684 1685 1686
f 1686 1685 1687
f 1686 1687 1688
f 1688 1687 1689
f 1688 1689 1690
f 1690 1689 1691
f 1690 1691 1692
f 1692 1691 1693
f 1692 1693 1694
f 1694 1693 1695
f 1694 1695 1696
f 1696 1695 1697
f 1696 1697 1698
f 1698 1697 1699
f 1698 1699 1700
f 1700 1699 1701
f 1700 1701 1702
f 1702 1701 1703
f 1703 1701 1704
f 1703 1704 1705
f 1705 1704 1706
f 1705 1706 1592
f 1592 1706 1707
f 1592 1707 1708
f 1708 1707 1709
f 1708 1709 1710
f 1710 1709 1711
f 1710 1711 1712
f 1712 1711 1713
f 1712 1713 1714
f 1714 1713 1715
f 1714 1715 1716
f 1716 1715 1717
f 1716 1717 1718
f 1718 1717 1719
f 1718 1719 1720
f 1720 1719 1721
f 1720 1721 1677
f 1677 1721 1679
f 1594 1593 1722
f 1722 1593 1723
f 1722 1723 1724
f 1724 1723 1725
f 1724 1725 1726
f 1726 1725 1727
f 1726 1727 1728
f 1728 1727 1729
f 1728 1729 1730
f 1730 1729 1731
f 1730 1731 1732
f 1732 1731 1733
f 1732 1733 1734
f 1734 1733 1735
f 1734 1735 1736
f 1736 1735 1737
f 1736 1737 1738
f 1738 1737 1739
f 1738 1739 1740
f 1740 1739 1741
f 1740 1741 1591
f 1592 1742 1591
f 1591 1742 1743
f 1591 1743 1744
f 1744 1743 1745
f 1744 1745 1746
f 1746 1745 1747
f 1746 1747 1623
f 1623 1747 1625
f 1702 1748 1700
f 1700 1748 1749
f 1700 1749 1698
f 1698 1749 1750
f 1698 1750 1696
f 1696 1750 1751
f 1696 1751 1694
f 1694 1751 1752
f 1694 1752 1692
f 1692 1752 1753
f 1692 1753 1690
f 1690 1753 1754
f 1690 1754 1688
f 1688 1754 1755
f 1688 1755 1686
f 1686 1755 1684
f 1748 1756 1749
f 1749 1756 1757
f 1749 1757 1750
f 1750 1757 1758
f 1750 1758 1751
f 1751 1758 1759
f 1751 1759 1752
f 1752 1759 1760
f 1752 1760 1753
f 1753 1760 1761
f 1753 1761 1754
f 1754 1761 1762
f 1754 1762 1755
f 1755 1762 1684
f 1756 1763 1757
f 1757 1763 1764
f 1757 1764 1758
f 1758 1764 1765
f 1758 1765 1759
f 1759 1765 1766
f 1759 1766 1760
f 1760 1766 1767
f 1760 1767 1761
f 1761 1767 1768
f 1761 1768 1762
f 1762 1768 1684
f 1763 1769 1764
f 1764 1769 1770
f 1764 1770 1765
f 1765 1770 1771
f 1765 1771 1766
f 1766 1771 1772
f 1766 1772 1767
f 1767 1772 1773
f 1767 1773 1768
f 1768 1773 1684
f 1769 1774 1770
f 1770 1774 1775
f 1770 1775 1771
f 1771 1775 1776
f 1771 1776 1772
f 1772 1776 1777
f 1772 1777 1773
f 1773 1777 1684
f 1774 1778 1775
f 1775 1778 1779
f 1775 1779 1776
f 1776 1779 1780
f 1776 1780 1777
f 1777 1780 1684
f 1778 1781 1779
f 1779 1781 1782
f 1779 1782 1780
f 1780 1782 1684
f 1781 1783 1782
f 1782 1783 1684
f 1595 1784 1684
f 1684 1784 1785
f 1684 1785 1786
f 1786 1785 1787
f 1786 1787 1788
f 1788 1787 1789
f 1788 1789 1790
f 1790 1789 1791
f 1790 1791 1792
f 1792 1791 1793
f 1792 1793 1794
f 1794 1793 1795
f 1794 1795 1796
f 1796 1795 1797
f 1796 1797 1670
f 1670 1797 1668
f 1596 1594 1798
f 1798 1594 1722
f 1798 1722 1799
f 1799 1722 1724
f 1799 1724 1800
f 1800 1724 1726
f 1800 1726 1801
f 1801 1726 1728
f 1801 1728 1802
f 1802 1728 1730
f 1802 1730 1803
f 1803 1730 1732
f 1803 1732 1804
f 1804 1732 1734
f 1804 1734 1805
f 1805 1734 1736
f 1805 1736 1806
f 1806 1736 1738
f 1806 1738 1807
f 1807 1738 1740
f 1807 1740 1591
f 1597 1808 1595
f 1595 1808 1809
f 1595 1809 1810
f 1810 1809 1811
f 1810 1811 1812
f 1812 1811 1813
f 1812 1813 1814
f 1814 1813 1815
f 1814 1815 1816
f 1816 1815 1817
f 1816 1817 1818
f 1818 1817 1819
f 1818 1819 1820
f 1820 1819 1821
f 1820 1821 1822
f 1822 1821 1823
f 1822 1823 1824
f 1824 1823 1825
f 1824 1825 1622
f 1622 1825 1620
f 1597 1599 1808
f 1808 1599 1826
f 1808 1826 1809
f 1809 1826 1811
f 1810 1827 1595
f 1595 1827 1828
f 1595 1828 1829
f 1829 1828 1830
f 1829 1830 1831
f 1831 1830 1832
f 1831 1832 1833
f 1833 1832 1834
f 1833 1834 1835
f 1835 1834 1836
f 1835 1836 1837
f 1837 1836 1838
f 1837 1838 1628
f 1628 1838 1626
f 1810 1812 1827
f 1827 1812 1839
f 1827 1839 1828
f 1828 1839 1830
f 1829 1840 1595
f 1595 1840 1841
f 1595 1841 1842
f 1842 1841 1843
f 1842 1843 1844
f 1844 1843 1845
f 1844 1845 1634
f 1634 1845 1632
f 1829 1831 1840
f 1840 1831 1846
f 1840 1846 1841
f 1841 1846 1843
f 1638 1595 1847
f 1847 1595 1842
f 1847 1842 1844
f 1636 1638 1847
f 1636 1847 1844
f 1640 1639 1848
f 1848 1639 1637
f 1848 1637 1849
f 1849 1637 1635
f 1849 1635 1850
f 1850 1635 1633
f 1850 1633 1851
f 1851 1633 1631
f 1851 1631 1852
f 1852 1631 1629
f 1852 1629 1853
f 1853 1629 1627
f 1853 1627 1854
f 1854 1627 1625
f 1854 1625 1747
f 1641 1855 1595
f 1595 1855 1856
f 1595 1856 1784
f 1784 1856 1857
f 1784 1857 1858
f 1858 1857 1859
f 1858 1859 1860
f 1860 1859 1861
f 1860 1861 1862
f 1862 1861 1863
f 1862 1863 1864
f 1864 1863 1865
f 1864 1865 1866
f 1866 1865 1867
f 1866 1867 1868
f 1868 1867 1869
f 1868 1869 1870
f 1870 1869 1871
f 1870 1871 1666
f 1666 1871 1664
f 1641 1643 1855
f 1855 1643 1872
f 1855 1872 1856
f 1856 1872 1857
f 1787 1785 1858
f 1858 1785 1784
f 1786 1873 1684
f 1684 1873 1874
f 1684 1874 1875
f 1875 1874 1876
f 1875 1876 1877
f 1877 1876 1878
f 1877 1878 1879
f 1879 1878 1880
f 1879 1880 1676
f 1676 1880 1674
f 1786 1788 1873
f 1873 1788 1881
f 1873 1881 1874
f 1874 1881 1876
f 1875 1882 1684
f 1684 1882 1883
f 1684 1883 1682
f 1682 1883 1680
f 1875 1877 1882
f 1882 1877 1884
f 1882 1884 1883
f 1883 1884 1680
f 1685 1683 1885
f 1885 1683 1681
f 1885 1681 1886
f 1886 1681 1679
f 1886 1679 1721
f 1596 1798 1598
f 1598 1798 1887
f 1598 1887 1600
f 1600 1887 1888
f 1600 1888 1602
f 1602 1888 1889
f 1602 1889 1604
f 1604 1889 1890
f 1604 1890 1606
f 1606 1890 1891
f 1606 1891 1608
f 1608 1891 1892
f 1608 1892 1610
f 1610 1892 1893
f 1610 1893 1612
f 1612 1893 1894
f 1612 1894 1614
f 1614 1894 1895
f 1614 1895 1616
f 1616 1895 1591
f 1887 1798 1799
f 1599 1601 1826
f 1826 1601 1896
f 1826 1896 1811
f 1811 1896 1813
f 1812 1814 1839
f 1839 1814 1897
f 1839 1897 1830
f 1830 1897 1832
f 1831 1833 1846
f 1846 1833 1898
f 1846 1898 1843
f 1843 1898 1845
f 1634 1636 1844
f 1640 1848 1642
f 1642 1848 1899
f 1642 1899 1644
f 1644 1899 1900
f 1644 1900 1646
f 1646 1900 1901
f 1646 1901 1648
f 1648 1901 1902
f 1648 1902 1650
f 1650 1902 1903
f 1650 1903 1652
f 1652 1903 1904
f 1652 1904 1654
f 1654 1904 1905
f 1654 1905 1656
f 1656 1905 1906
f 1656 1906 1658
f 1658 1906 1907
f 1658 1907 1660
f 1660 1907 1592
f 1899 1848 1849
f 1643 1645 1872
f 1872 1645 1908
f 1872 1908 1857
f 1857 1908 1859
f 1789 1787 1860
f 1860 1787 1858
f 1788 1790 1881
f 1881 1790 1909
f 1881 1909 1876
f 1876 1909 1878
f 1678 1680 1884
f 1678 1884 1879
f 1879 1884 1877
f 1685 1885 1687
f 1687 1885 1910
f 1687 1910 1689
f 1689 1910 1911
f 1689 1911 1691
f 1691 1911 1912
f 1691 1912 1693
f 1693 1912 1913
f 1693 1913 1695
f 1695 1913 1914
f 1695 1914 1697
f 1697 1914 1915
f 1697 1915 1699
f 1699 1915 1916
f 1699 1916 1701
f 1701 1916 1704
f 1910 1885 1886
f 1887 1799 1917
f 1917 1799 1800
f 1917 1800 1918
f 1918 1800 1801
f 1918 1801 1919
f 1919 1801 1802
f 1919 1802 1920
f 1920 1802 1803
f 1920 1803 1921
f 1921 1803 1804
f 1921 1804 1922
f 1922 1804 1805
f 1922 1805 1923
f 1923 1805 1806
f 1923 1806 1924
f 1924 1806 1807
f 1924 1807 1591
f 1601 1603 1896
f 1896 1603 1925
f 1896 1925 1813
f 1813 1925 1815
f 1814 1816 1897
f 1897 1816 1926
f 1897 1926 1832
f 1832 1926 1834
f 1833 1835 1898
f 1898 1835 1927
f 1898 1927 1845
f 1845 1927 1632
f 1899 1849 1928
f 1928 1849 1850
f 1928 1850 1929
f 1929 1850 1851
f 1929 1851 1930
f 1930 1851 1852
f 1930 1852 1931
f 1931 1852 1853
f 1931 1853 1932
f 1932 1853 1854
f 1932 1854 1933
f 1933 1854 1747
f 1933 1747 1745
f 1645 1647 1908
f 1908 1647 1934
f 1908 1934 1859
f 1859 1934 1861
f 1791 1789 1862
f 1862 1789 1860
f 1790 1792 1909
f 1909 1792 1935
f 1909 1935 1878
f 1878 1935 1880
f 1676 1678 1879
f 1910 1886 1936
f 1936 1886 1721
f 1936 1721 1719
f 1887 1917 1888
f 1888 1917 1937
f 1888 1937 1889
f 1889 1937 1938
f 1889 1938 1890
f 1890 1938 1939
f 1890 1939 1891
f 1891 1939 1940
f 1891 1940 1892
f 1892 1940 1941
f 1892 1941 1893
f 1893 1941 1942
f 1893 1942 1894
f 1894 1942 1943
f 1894 1943 1895
f 1895 1943 1591
f 1937 1917 1918
f 1603 1605 1925
f 1925 1605 1944
f 1925 1944 1815
f 1815 1944 1817
f 1816 1818 1926
f 1926 1818 1945
f 1926 1945 1834
f 1834 1945 1836
f 1630 1632 1927
f 1630 1927 1837
f 1837 1927 1835
f 1899 1928 1900
f 1900 1928 1946
f 1900 1946 1901
f 1901 1946 1947
f 1901 1947 1902
f 1902 1947 1948
f 1902 1948 1903
f 1903 1948 1949
f 1903 1949 1904
f 1904 1949 1950
f 1904 1950 1905
f 1905 1950 1951
f 1905 1951 1906
f 1906 1951 1952
f 1906 1952 1907
f 1907 1952 1592
f 1946 1928 1929
f 1647 1649 1934
f 1934 1649 1953
f 1934 1953 1861
f 1861 1953 1863
f 1793 1791 1864
f 1864 1791 1862
f 1792 1794 1935
f 1935 1794 1954
f 1935 1954 1880
f 1880 1954 1674
f 1720 1677 1675
f 1910 1936 1911
f 1911 1936 1955
f 1911 1955 1912
f 1912 1955 1956
f 1912 1956 1913
f 1913 1956 1957
f 1913 1957 1914
f 1914 1957 1958
f 1914 1958 1915
f 1915 1958 1959
f 1915 1959 1916
f 1916 1959 1960
f 1916 1960 1704
f 1704 1960 1706
f 1955 1936 1719
f 1937 1918 1961
f 1961 1918 1919
f 1961 1919 1962
f 1962 1919 1920
f 1962 1920 1963
f 1963 1920 1921
f 1963 1921 1964
f 1964 1921 1922
f 1964 1922 1965
f 1965 1922 1923
f 1965 1923 1966
f 1966 1923 1924
f 1966 1924 1591
f 1605 1607 1944
f 1944 1607 1967
f 1944 1967 1817
f 1817 1967 1819
f 1818 1820 1945
f 1945 1820 1968
f 1945 1968 1836
f 1836 1968 1838
f 1628 1630 1837
f 1946 1929 1969
f 1969 1929 1930
f 1969 1930 1970
f 1970 1930 1931
f 1970 1931 1971
f 1971 1931 1932
f 1971 1932 1972
f 1972 1932 1933
f 1972 1933 1973
f 1973 1933 1745
f 1973 1745 1743
f 1649 1651 1953
f 1953 1651 1974
f 1953 1974 1863
f 1863 1974 1865
f 1795 1793 1866
f 1866 1793 1864
f 1672 1674 1954
f 1672 1954 1796
f 1796 1954 1794
f 1720 1675 1975
f 1975 1675 1673
f 1975 1673 1976
f 1976 1673 1671
f 1976 1671 1977
f 1977 1671 1669
f 1977 1669 1978
f 1978 1669 1667
f 1978 1667 1979
f 1979 1667 1665
f 1979 1665 1980
f 1980 1665 1663
f 1980 1663 1592
f 1956 1955 1717
f 1717 1955 1719
f 1937 1961 1938
f 1938 1961 1981
f 1938 1981 1939
f 1939 1981 1982
f 1939 1982 1940
f 1940 1982 1983
f 1940 1983 1941
f 1941 1983 1984
f 1941 1984 1942
f 1942 1984 1985
f 1942 1985 1943
f 1943 1985 1591
f 1981 1961 1962
f 1607 1609 1967
f 1967 1609 1986
f 1967 1986 1819
f 1819 1986 1821
f 1820 1822 1968
f 1968 1822 1987
f 1968 1987 1838
f 1838 1987 1626
f 1946 1969 1947
f 1947 1969 1988
f 1947 1988 1948
f 1948 1988 1989
f 1948 1989 1949
f 1949 1989 1990
f 1949 1990 1950
f 1950 1990 1991
f 1950 1991 1951
f 1951 1991 1992
f 1951 1992 1952
f 1952 1992 1592
f 1988 1969 1970
f 1651 1653 1974
f 1974 1653 1993
f 1974 1993 1865
f 1865 1993 1867
f 1797 1795 1868
f 1868 1795 1866
f 1670 1672 1796
f 1720 1975 1718
f 1718 1975 1994
f 1718 1994 1716
f 1716 1994 1995
f 1716 1995 1714
f 1714 1995 1996
f 1714 1996 1712
f 1712 1996 1997
f 1712 1997 1710
f 1710 1997 1998
f 1710 1998 1708
f 1708 1998 1592
f 1994 1975 1976
f 1957 1956 1715
f 1715 1956 1717
f 1981 1962 1999
f 1999 1962 1963
f 1999 1963 2000
f 2000 1963 1964
f 2000 1964 2001
f 2001 1964 1965
f 2001 1965 2002
f 2002 1965 1966
f 2002 1966 1591
f 1609 1611 1986
f 1986 1611 2003
f 1986 2003 1821
f 1821 2003 1823
f 1624 1626 1987
f 1624 1987 1824
f 1824 1987 1822
f 1988 1970 2004
f 2004 1970 1971
f 2004 1971 2005
f 2005 1971 1972
f 2005 1972 2006
f 2006 1972 1973
f 2006 1973 1742
f 1742 1973 1743
f 1653 1655 1993
f 1993 1655 2007
f 1993 2007 1867
f 1867 2007 1869
f 1668 1797 1870
f 1870 1797 1868
f 1994 1976 2008
f 2008 1976 1977
f 2008 1977 2009
f 2009 1977 1978
f 2009 1978 2010
f 2010 1978 1979
f 2010 1979 2011
f 2011 1979 1980
f 2011 1980 1592
f 1958 1957 1713
f 1713 1957 1715
f 1981 1999 1982
f 1982 1999 2012
f 1982 2012 1983
f 1983 2012 2013
f 1983 2013 1984
f 1984 2013 2014
f 1984 2014 1985
f 1985 2014 1591
f 2012 1999 2000
f 1611 1613 2003
f 2003 1613 2015
f 2003 2015 1823
f 1823 2015 1825
f 1622 1624 1824
f 1988 2004 1989
f 1989 2004 2016
f 1989 2016 1990
f 1990 2016 2017
f 1990 2017 1991
f 1991 2017 2018
f 1991 2018 1992
f 1992 2018 1592
f 2016 2004 2005
f 1655 1657 2007
f 2007 1657 2019
f 2007 2019 1869
f 1869 2019 1871
f 1666 1668 1870
f 1994 2008 1995
f 1995 2008 2020
f 1995 2020 1996
f 1996 2020 2021
f 1996 2021 1997
f 1997 2021 2022
f 1997 2022 1998
f 1998 2022 1592
f 2020 2008 2009
f 1959 1958 1711
f 1711 1958 1713
f 2012 2000 2023
f 2023 2000 2001
f 2023 2001 2024
f 2024 2001 2002
f 2024 2002 1591
f 1613 1615 2015
f 2015 1615 2025
f 2015 2025 1825
f 1825 2025 1620
f 1746 1623 1621
f 2016 2005 2026
f 2026 2005 2006
f 2026 2006 2027
f 2027 2006 1742
f 2027 1742 1592
f 1657 1659 2019
f 2019 1659 2028
f 2019 2028 1871
f 1871 2028 1664
f 2020 2009 2029
f 2029 2009 2010
f 2029 2010 2030
f 2030 2010 2011
f 2030 2011 1592
f 1960 1959 1709
f 1709 1959 1711
f 2012 2023 2013
f 2013 2023 2031
f 2013 2031 2014
f 2014 2031 1591
f 2031 2023 2024
f 1618 1620 2025
f 1618 2025 1617
f 1617 2025 1615
f 1746 1621 2032
f 2032 1621 1619
f 2032 1619 1591
f 2016 2026 2017
f 2017 2026 2033
f 2017 2033 2018
f 2018 2033 1592
f 2033 2026 2027
f 1662 1664 2028
f 1662 2028 1661
f 1661 2028 1659
f 2020 2029 2021
f 2021 2029 2034
f 2021 2034 2022
f 2022 2034 1592
f 2034 2029 2030
f 1706 1960 1707
f 1707 1960 1709
f 1591 2031 2024
f 1591 1744 2032
f 2032 1744 1746
f 1592 2033 2027
f 1592 2034 2030
f 1595 1684 2035
f 2035 1684 2036
f 2035 2036 2037
f 2037 2036 2038
f 2039 2037 2040
f 2040 2037 2038
f 1251 1525 1249
f 1249 1525 1527
f 1249 1527 2041
f 2041 1527 1473
f 2041 1473 1475
f 1525 1251 1523
f 1523 1251 1253
f 1523 1253 1521
f 1521 1253 1255
f 1521 1255 1519
f 1519 1255 1257
f 1519 1257 1517
f 1517 1257 1259
f 1517 1259 1515
f 1515 1259 1261
f 1515 1261 1263
f 1515 1263 1513
f 1513 1263 1265
f 1513 1265 1511
f 1511 1265 1267
f 1511 1267 1509
f 1509 1267 1269
f 1509 1269 1507
f 1507 1269 1271
f 1507 1271 1505
f 1505 1271 1273
f 1505 1273 1503
f 1503 1273 1275
f 1503 1275 1502
f 1502 1275 2040
f 1502 2040 1499
f 1499 2040 1497
f 1497 2040 1495
f 1495 2040 1493
f 1493 2040 1491
f 1491 2040 1489
f 1489 2040 1487
f 1487 2040 2041
f 1487 2041 1485
f 1485 2041 1483
f 1483 2041 1481
f 1481 2041 1479
f 1479 2041 1477
f 1477 2041 1475
f 1275 1278 2040
f 2040 1278 1443
f 2040 1443 1446
f 1278 1279 1443
f 1443 1279 1441
f 1441 1279 1281
f 1441 1281 1439
f 1439 1281 1283
f 1439 1283 1437
f 1437 1283 1285
f 1437 1285 1435
f 1435 1285 1287
f 1435 1287 1433
f 1433 1287 1289
f 1433 1289 1431
f 1431 1289 1291
f 1431 1291 1429
f 1429 1291 1427
f 1427 1291 1293
f 1427 1293 1425
f 1425 1293 1295
f 1425 1295 1423
f 1423 1295 1297
f 1423 1297 1421
f 1421 1297 1299
f 1421 1299 1419
f 1419 1299 1301
f 1419 1301 1417
f 1417 1301 1303
f 1417 1303 2041
f 2041 1303 1249
f 1307 1415 1305
f 1305 1415 2042
f 1305 2042 1359
f 1359 2042 1560
f 1359 1560 1561
f 1309 1411 1307
f 1307 1411 1413
f 1307 1413 1415
f 1411 1309 1409
f 1409 1309 1311
f 1409 1311 1407
f 1407 1311 1313
f 1407 1313 1405
f 1405 1313 1315
f 1405 1315 1403
f 1403 1315 1317
f 1403 1317 1319
f 1403 1319 1401
f 1401 1319 1321
f 1401 1321 1399
f 1399 1321 1323
f 1399 1323 1397
f 1397 1323 1325
f 1397 1325 1395
f 1395 1325 1327
f 1395 1327 1393
f 1393 1327 1329
f 1393 1329 1391
f 1391 1329 1390
f 1390 1329 1331
f 1390 1331 2039
f 2039 1331 1334
f 2039 1334 1531
f 1531 1334 1583
f 1583 1334 1335
f 1583 1335 1581
f 1581 1335 1337
f 1581 1337 1339
f 1581 1339 1579
f 1579 1339 1341
f 1579 1341 1577
f 1577 1341 1343
f 1577 1343 1575
f 1575 1343 1345
f 1575 1345 1573
f 1573 1345 1347
f 1573 1347 1571
f 1571 1347 1569
f 1569 1347 1349
f 1569 1349 1567
f 1567 1349 1351
f 1567 1351 1565
f 1565 1351 1353
f 1565 1353 1563
f 1563 1353 1355
f 1563 1355 1357
f 1563 1357 1561
f 1561 1357 1359
f 1363 1471 1361
f 1361 1471 2042
f 1361 2042 1415
f 1365 1467 1363
f 1363 1467 1469
f 1363 1469 1471
f 1467 1365 1465
f 1465 1365 1367
f 1465 1367 1463
f 1463 1367 1369
f 1463 1369 1461
f 1461 1369 1371
f 1461 1371 1459
f 1459 1371 1373
f 1459 1373 1375
f 1459 1375 1457
f 1457 1375 1377
f 1457 1377 1455
f 1455 1377 1379
f 1455 1379 1453
f 1453 1379 1381
f 1453 1381 1451
f 1451 1381 1383
f 1451 1383 1449
f 1449 1383 1385
f 1449 1385 1447
f 1447 1385 1446
f 1446 1385 1387
f 1446 1387 2039
f 2039 1387 1390
f 2042 1471 2041
f 2041 1471 1417
f 1531 1532 2039
f 2039 1532 1533
f 2039 1533 1535
f 1535 1537 2039
f 2039 1537 1539
f 2039 1539 1541
f 1541 1543 2039
f 2039 1543 2042
f 2042 1543 1545
f 2042 1545 1547
f 1547 1549 2042
f 2042 1549 1551
f 2042 1551 1553
f 1553 1555 2042
f 2042 1555 1557
f 2042 1557 1560
f 2039 2040 1446
f 2043 2042 2044
f 2044 2042 2041
f 2043 2044 2045
f 2045 2044 2046
f 2045 2046 2047
f 2047 2046 2048
f 2049 2050 2051
f 2051 2050 2052
f 2051 2052 2053
f 2053 2052 2054
f 2053 2054 2055
f 2055 2054 2056
f 2055 2056 2057
f 2057 2056 2058
f 2057 2058 2059
f 2059 2058 2060
f 2059 2060 2061
f 2061 2060 2062
f 2061 2062 2063
f 2063 2062 2064
f 2063 2064 2065
f 2065 2064 2066
f 2065 2066 2067
f 2067 2066 2068
f 2067 2068 2069
f 2069 2068 2070
f 2069 2070 2071
f 2071 2070 2072
f 2071 2072 2073
f 2073 2072 2047
f 2073 2047 2074
f 2074 2047 2075
f 2074 2075 2076
f 2076 2075 2077
f 2076 2077 2078
f 2078 2077 2079
f 2078 2079 2080
f 2080 2079 2081
f 2080 2081 2082
f 2082 2081 2083
f 2082 2083 2084
f 2084 2083 2085
f 2084 2085 2086
f 2086 2085 2087
f 2086 2087 2088
f 2088 2087 2089
f 2088 2089 2090
f 2090 2089 2091
f 2090 2091 2092
f 2092 2091 2093
f 2092 2093 2094
f 2094 2093 2095
f 2094 2095 2051
f 2051 2095 2096
f 2051 2096 2097
f 2097 2096 2098
f 2097 2098 2099
f 2099 2098 2100
f 2099 2100 2101
f 2101 2100 2102
f 2101 2102 2103
f 2103 2102 2104
f 2103 2104 2105
f 2105 2104 2106
f 2105 2106 2107
f 2107 2106 2108
f 2107 2108 2109
f 2109 2108 2110
f 2109 2110 2111
f 2111 2110 2112
f 2111 2112 2113
f 2113 2112 2114
f 2113 2114 2115
f 2115 2114 2116
f 2115 2116 2117
f 2117 2116 2048
f 2117 2048 2118
f 2118 2048 2119
f 2118 2119 2120
f 2120 2119 2121
f 2120 2121 2122
f 2122 2121 2123
f 2122 2123 2124
f 2124 2123 2125
f 2124 2125 2126
f 2126 2125 2127
f 2126 2127 2128
f 2128 2127 2129
f 2128 2129 2130
f 2130 2129 2131
f 2130 2131 2132
f 2132 2131 2133
f 2132 2133 2134
f 2134 2133 2135
f 2134 2135 2136
f 2136 2135 2137
f 2136 2137 2138
f 2138 2137 2139
f 2138 2139 2140
f 2140 2139 2141
f 2140 2141 2142
f 2142 2141 2143
f 2142 2143 2144
f 2144 2143 2145
f 2144 2145 2146
f 2146 2145 2147
f 2146 2147 2148
f 2148 2147 2149
f 2148 2149 2150
f 2150 2149 2151
f 2150 2151 2152
f 2152 2151 2153
f 2152 2153 2154
f 2154 2153 2155
f 2154 2155 2156
f 2156 2155 2157
f 2156 2157 2158
f 2158 2157 2159
f 2159 2157 2160
f 2159 2160 2161
f 2161 2160 2162
f 2161 2162 2048
f 2048 2162 2163
f 2048 2163 2164
f 2164 2163 2165
f 2164 2165 2166
f 2166 2165 2167
f 2166 2167 2168
f 2168 2167 2169
f 2168 2169 2170
f 2170 2169 2171
f 2170 2171 2172
f 2172 2171 2173
f 2172 2173 2174
f 2174 2173 2175
f 2174 2175 2176
f 2176 2175 2177
f 2176 2177 2133
f 2133 2177 2135
f 2050 2049 2178
f 2178 2049 2179
f 2178 2179 2180
f 2180 2179 2181
f 2180 2181 2182
f 2182 2181 2183
f 2182 2183 2184
f 2184 2183 2185
f 2184 2185 2186
f 2186 2185 2187
f 2186 2187 2188
f 2188 2187 2189
f 2188 2189 2190
f 2190 2189 2191
f 2190 2191 2192
f 2192 2191 2193
f 2192 2193 2194
f 2194 2193 2195
f 2194 2195 2196
f 2196 2195 2197
f 2196 2197 2047
f 2048 2198 2047
f 2047 2198 2199
f 2047 2199 2200
f 2200 2199 2201
f 2200 2201 2202
f 2202 2201 2203
f 2202 2203 2079
f 2079 2203 2081
f 2158 2204 2156
f 2156 2204 2205
f 2156 2205 2154
f 2154 2205 2206
f 2154 2206 2152
f 2152 2206 2207
f 2152 2207 2150
f 2150 2207 2208
f 2150 2208 2148
f 2148 2208 2209
f 2148 2209 2146
f 2146 2209 2210
f 2146 2210 2144
f 2144 2210 2211
f 2144 2211 2142
f 2142 2211 2140
f 2204 2212 2205
f 2205 2212 2213
f 2205 2213 2206
f 2206 2213 2214
f 2206 2214 2207
f 2207 2214 2215
f 2207 2215 2208
f 2208 2215 2216
f 2208 2216 2209
f 2209 2216 2217
f 2209 2217 2210
f 2210 2217 2218
f 2210 2218 2211
f 2211 2218 2140
f 2212 2219 2213
f 2213 2219 2220
f 2213 2220 2214
f 2214 2220 2221
f 2214 2221 2215
f 2215 2221 2222
f 2215 2222 2216
f 2216 2222 2223
f 2216 2223 2217
f 2217 2223 2224
f 2217 2224 2218
f 2218 2224 2140
f 2219 2225 2220
f 2220 2225 2226
f 2220 2226 2221
f 2221 2226 2227
f 2221 2227 2222
f 2222 2227 2228
f 2222 2228 2223
f 2223 2228 2229
f 2223 2229 2224
f 2224 2229 2140
f 2225 2230 2226
f 2226 2230 2231
f 2226 2231 2227
f 2227 2231 2232
f 2227 2232 2228
f 2228 2232 2233
f 2228 2233 2229
f 2229 2233 2140
f 2230 2234 2231
f 2231 2234 2235
f 2231 2235 2232
f 2232 2235 2236
f 2232 2236 2233
f 2233 2236 2140
f 2234 2237 2235
f 2235 2237 2238
f 2235 2238 2236
f 2236 2238 2140
f 2237 2239 2238
f 2238 2239 2140
f 2051 2240 2140
f 2140 2240 2241
f 2140 2241 2242
f 2242 2241 2243
f 2242 2243 2244
f 2244 2243 2245
f 2244 2245 2246
f 2246 2245 2247
f 2246 2247 2248
f 2248 2247 2249
f 2248 2249 2250
f 2250 2249 2251
f 2250 2251 2252
f 2252 2251 2253
f 2252 2253 2126
f 2126 2253 2124
f 2052 2050 2254
f 2254 2050 2178
f 2254 2178 2255
f 2255 2178 2180
f 2255 2180 2256
f 2256 2180 2182
f 2256 2182 2257
f 2257 2182 2184
f 2257 2184 2258
f 2258 2184 2186
f 2258 2186 2259
f 2259 2186 2188
f 2259 2188 2260
f 2260 2188 2190
f 2260 2190 2261
f 2261 2190 2192
f 2261 2192 2262
f 2262 2192 2194
f 2262 2194 2263
f 2263 2194 2196
f 2263 2196 2047
f 2053 2264 2051
f 2051 2264 2265
f 2051 2265 2266
f 2266 2265 2267
f 2266 2267 2268
f 2268 2267 2269
f 2268 2269 2270
f 2270 2269 2271
f 2270 2271 2272
f 2272 2271 2273
f 2272 2273 2274
f 2274 2273 2275
f 2274 2275 2276
f 2276 2275 2277
f 2276 2277 2278
f 2278 2277 2279
f 2278 2279 2280
f 2280 2279 2281
f 2280 2281 2078
f 2078 2281 2076
f 2053 2055 2264
f 2264 2055 2282
f 2264 2282 2265
f 2265 2282 2267
f 2266 2283 2051
f 2051 2283 2284
f 2051 2284 2285
f 2285 2284 2286
f 2285 2286 2287
f 2287 2286 2288
f 2287 2288 2289
f 2289 2288 2290
f 2289 2290 2291
f 2291 2290 2292
f 2291 2292 2293
f 2293 2292 2294
f 2293 2294 2084
f 2084 2294 2082
f 2266 2268 2283
f 2283 2268 2295
f 2283 2295 2284
f 2284 2295 2286
f 2285 2296 2051
f 2051 2296 2297
f 2051 2297 2298
f 2298 2297 2299
f 2298 2299 2300
f 2300 2299 2301
f 2300 2301 2090
f 2090 2301 2088
f 2285 2287 2296
f 2296 2287 2302
f 2296 2302 2297
f 2297 2302 2299
f 2094 2051 2303
f 2303 2051 2298
f 2303 2298 2300
f 2092 2094 2303
f 2092 2303 2300
f 2096 2095 2304
f 2304 2095 2093
f 2304 2093 2305
f 2305 2093 2091
f 2305 2091 2306
f 2306 2091 2089
f 2306 2089 2307
f 2307 2089 2087
f 2307 2087 2308
f 2308 2087 2085
f 2308 2085 2309
f 2309 2085 2083
f 2309 2083 2310
f 2310 2083 2081
f 2310 2081 2203
f 2097 2311 2051
f 2051 2311 2312
f 2051 2312 2240
f 2240 2312 2313
f 2240 2313 2314
f 2314 2313 2315
f 2314 2315 2316
f 2316 2315 2317
f 2316 2317 2318
f 2318 2317 2319
f 2318 2319 2320
f 2320 2319 2321
f 2320 2321 2322
f 2322 2321 2323
f 2322 2323 2324
f 2324 2323 2325
f 2324 2325 2326
f 2326 2325 2327
f 2326 2327 2122
f 2122 2327 2120
f 2097 2099 2311
f 2311 2099 2328
f 2311 2328 2312
f 2312 2328 2313
f 2243 2241 2314
f 2314 2241 2240
f 2242 2329 2140
f 2140 2329 2330
f 2140 2330 2331
f 2331 2330 2332
f 2331 2332 2333
f 2333 2332 2334
f 2333 2334 2335
f 2335 2334 2336
f 2335 2336 2132
f 2132 2336 2130
f 2242 2244 2329
f 2329 2244 2337
f 2329 2337 2330
f 2330 2337 2332
f 2331 2338 2140
f 2140 2338 2339
f 2140 2339 2138
f 2138 2339 2136
f 2331 2333 2338
f 2338 2333 2340
f 2338 2340 2339
f 2339 2340 2136
f 2141 2139 2341
f 2341 2139 2137
f 2341 2137 2342
f 2342 2137 2135
f 2342 2135 2177
f 2052 2254 2054
f 2054 2254 2343
f 2054 2343 2056
f 2056 2343 2344
f 2056 2344 2058
f 2058 2344 2345
f 2058 2345 2060
f 2060 2345 2346
f 2060 2346 2062
f 2062 2346 2347
f 2062 2347 2064
f 2064 2347 2348
f 2064 2348 2066
f 2066 2348 2349
f 2066 2349 2068
f 2068 2349 2350
f 2068 2350 2070
f 2070 2350 2351
f 2070 2351 2072
f 2072 2351 2047
f 2343 2254 2255
f 2055 2057 2282
f 2282 2057 2352
f 2282 2352 2267
f 2267 2352 2269
f 2268 2270 2295
f 2295 2270 2353
f 2295 2353 2286
f 2286 2353 2288
f 2287 2289 2302
f 2302 2289 2354
f 2302 2354 2299
f 2299 2354 2301
f 2090 2092 2300
f 2096 2304 2098
f 2098 2304 2355
f 2098 2355 2100
f 2100 2355 2356
f 2100 2356 2102
f 2102 2356 2357
f 2102 2357 2104
f 2104 2357 2358
f 2104 2358 2106
f 2106 2358 2359
f 2106 2359 2108
f 2108 2359 2360
f 2108 2360 2110
f 2110 2360 2361
f 2110 2361 2112
f 2112 2361 2362
f 2112 2362 2114
f 2114 2362 2363
f 2114 2363 2116
f 2116 2363 2048
f 2355 2304 2305
f 2099 2101 2328
f 2328 2101 2364
f 2328 2364 2313
f 2313 2364 2315
f 2245 2243 2316
f 2316 2243 2314
f 2244 2246 2337
f 2337 2246 2365
f 2337 2365 2332
f 2332 2365 2334
f 2134 2136 2340
f 2134 2340 2335
f 2335 2340 2333
f 2141 2341 2143
f 2143 2341 2366
f 2143 2366 2145
f 2145 2366 2367
f 2145 2367 2147
f 2147 2367 2368
f 2147 2368 2149
f 2149 2368 2369
f 2149 2369 2151
f 2151 2369 2370
f 2151 2370 2153
f 2153 2370 2371
f 2153 2371 2155
f 2155 2371 2372
f 2155 2372 2157
f 2157 2372 2160
f 2366 2341 2342
f 2343 2255 2373
f 2373 2255 2256
f 2373 2256 2374
f 2374 2256 2257
f 2374 2257 2375
f 2375 2257 2258
f 2375 2258 2376
f 2376 2258 2259
f 2376 2259 2377
f 2377 2259 2260
f 2377 2260 2378
f 2378 2260 2261
f 2378 2261 2379
f 2379 2261 2262
f 2379 2262 2380
f 2380 2262 2263
f 2380 2263 2047
f 2057 2059 2352
f 2352 2059 2381
f 2352 2381 2269
f 2269 2381 2271
f 2270 2272 2353
f 2353 2272 2382
f 2353 2382 2288
f 2288 2382 2290
f 2289 2291 2354
f 2354 2291 2383
f 2354 2383 2301
f 2301 2383 2088
f 2355 2305 2384
f 2384 2305 2306
f 2384 2306 2385
f 2385 2306 2307
f 2385 2307 2386
f 2386 2307 2308
f 2386 2308 2387
f 2387 2308 2309
f 2387 2309 2388
f 2388 2309 2310
f 2388 2310 2389
f 2389 2310 2203
f 2389 2203 2201
f 2101 2103 2364
f 2364 2103 2390
f 2364 2390 2315
f 2315 2390 2317
f 2247 2245 2318
f 2318 2245 2316
f 2246 2248 2365
f 2365 2248 2391
f 2365 2391 2334
f 2334 2391 2336
f 2132 2134 2335
f 2366 2342 2392
f 2392 2342 2177
f 2392 2177 2175
f 2343 2373 2344
f 2344 2373 2393
f 2344 2393 2345
f 2345 2393 2394
f 2345 2394 2346
f 2346 2394 2395
f 2346 2395 2347
f 2347 2395 2396
f 2347 2396 2348
f 2348 2396 2397
f 2348 2397 2349
f 2349 2397 2398
f 2349 2398 2350
f 2350 2398 2399
f 2350 2399 2351
f 2351 2399 2047
f 2393 2373 2374
f 2059 2061 2381
f 2381 2061 2400
f 2381 2400 2271
f 2271 2400 2273
f 2272 2274 2382
f 2382 2274 2401
f 2382 2401 2290
f 2290 2401 2292
f 2086 2088 2383
f 2086 2383 2293
f 2293 2383 2291
f 2355 2384 2356
f 2356 2384 2402
f 2356 2402 2357
f 2357 2402 2403
f 2357 2403 2358
f 2358 2403 2404
f 2358 2404 2359
f 2359 2404 2405
f 2359 2405 2360
f 2360 2405 2406
f 2360 2406 2361
f 2361 2406 2407
f 2361 2407 2362
f 2362 2407 2408
f 2362 2408 2363
f 2363 2408 2048
f 2402 2384 2385
f 2103 2105 2390
f 2390 2105 2409
f 2390 2409 2317
f 2317 2409 2319
f 2249 2247 2320
f 2320 2247 2318
f 2248 2250 2391
f 2391 2250 2410
f 2391 2410 2336
f 2336 2410 2130
f 2176 2133 2131
f 2366 2392 2367
f 2367 2392 2411
f 2367 2411 2368
f 2368 2411 2412
f 2368 2412 2369
f 2369 2412 2413
f 2369 2413 2370
f 2370 2413 2414
f 2370 2414 2371
f 2371 2414 2415
f 2371 2415 2372
f 2372 2415 2416
f 2372 2416 2160
f 2160 2416 2162
f 2411 2392 2175
f 2393 2374 2417
f 2417 2374 2375
f 2417 2375 2418
f 2418 2375 2376
f 2418 2376 2419
f 2419 2376 2377
f 2419 2377 2420
f 2420 2377 2378
f 2420 2378 2421
f 2421 2378 2379
f 2421 2379 2422
f 2422 2379 2380
f 2422 2380 2047
f 2061 2063 2400
f 2400 2063 2423
f 2400 2423 2273
f 2273 2423 2275
f 2274 2276 2401
f 2401 2276 2424
f 2401 2424 2292
f 2292 2424 2294
f 2084 2086 2293
f 2402 2385 2425
f 2425 2385 2386
f 2425 2386 2426
f 2426 2386 2387
f 2426 2387 2427
f 2427 2387 2388
f 2427 2388 2428
f 2428 2388 2389
f 2428 2389 2429
f 2429 2389 2201
f 2429 2201 2199
f 2105 2107 2409
f 2409 2107 2430
f 2409 2430 2319
f 2319 2430 2321
f 2251 2249 2322
f 2322 2249 2320
f 2128 2130 2410
f 2128 2410 2252
f 2252 2410 2250
f 2176 2131 2431
f 2431 2131 2129
f 2431 2129 2432
f 2432 2129 2127
f 2432 2127 2433
f 2433 2127 2125
f 2433 2125 2434
f 2434 2125 2123
f 2434 2123 2435
f 2435 2123 2121
f 2435 2121 2436
f 2436 2121 2119
f 2436 2119 2048
f 2412 2411 2173
f 2173 2411 2175
f 2393 2417 2394
f 2394 2417 2437
f 2394 2437 2395
f 2395 2437 2438
f 2395 2438 2396
f 2396 2438 2439
f 2396 2439 2397
f 2397 2439 2440
f 2397 2440 2398
f 2398 2440 2441
f 2398 2441 2399
f 2399 2441 2047
f 2437 2417 2418
f 2063 2065 2423
f 2423 2065 2442
f 2423 2442 2275
f 2275 2442 2277
f 2276 2278 2424
f 2424 2278 2443
f 2424 2443 2294
f 2294 2443 2082
f 2402 2425 2403
f 2403 2425 2444
f 2403 2444 2404
f 2404 2444 2445
f 2404 2445 2405
f 2405 2445 2446
f 2405 2446 2406
f 2406 2446 2447
f 2406 2447 2407
f 2407 2447 2448
f 2407 2448 2408
f 2408 2448 2048
f 2444 2425 2426
f 2107 2109 2430
f 2430 2109 2449
f 2430 2449 2321
f 2321 2449 2323
f 2253 2251 2324
f 2324 2251 2322
f 2126 2128 2252
f 2176 2431 2174
f 2174 2431 2450
f 2174 2450 2172
f 2172 2450 2451
f 2172 2451 2170
f 2170 2451 2452
f 2170 2452 2168
f 2168 2452 2453
f 2168 2453 2166
f 2166 2453 2454
f 2166 2454 2164
f 2164 2454 2048
f 2450 2431 2432
f 2413 2412 2171
f 2171 2412 2173
f 2437 2418 2455
f 2455 2418 2419
f 2455 2419 2456
f 2456 2419 2420
f 2456 2420 2457
f 2457 2420 2421
f 2457 2421 2458
f 2458 2421 2422
f 2458 2422 2047
f 2065 2067 2442
f 2442 2067 2459
f 2442 2459 2277
f 2277 2459 2279
f 2080 2082 2443
f 2080 2443 2280
f 2280 2443 2278
f 2444 2426 2460
f 2460 2426 2427
f 2460 2427 2461
f 2461 2427 2428
f 2461 2428 2462
f 2462 2428 2429
f 2462 2429 2198
f 2198 2429 2199
f 2109 2111 2449
f 2449 2111 2463
f 2449 2463 2323
f 2323 2463 2325
f 2124 2253 2326
f 2326 2253 2324
f 2450 2432 2464
f 2464 2432 2433
f 2464 2433 2465
f 2465 2433 2434
f 2465 2434 2466
f 2466 2434 2435
f 2466 2435 2467
f 2467 2435 2436
f 2467 2436 2048
f 2414 2413 2169
f 2169 2413 2171
f 2437 2455 2438
f 2438 2455 2468
f 2438 2468 2439
f 2439 2468 2469
f 2439 2469 2440
f 2440 2469 2470
f 2440 2470 2441
f 2441 2470 2047
f 2468 2455 2456
f 2067 2069 2459
f 2459 2069 2471
f 2459 2471 2279
f 2279 2471 2281
f 2078 2080 2280
f 2444 2460 2445
f 2445 2460 2472
f 2445 2472 2446
f 2446 2472 2473
f 2446 2473 2447
f 2447 2473 2474
f 2447 2474 2448
f 2448 2474 2048
f 2472 2460 2461
f 2111 2113 2463
f 2463 2113 2475
f 2463 2475 2325
f 2325 2475 2327
f 2122 2124 2326
f 2450 2464 2451
f 2451 2464 2476
f 2451 2476 2452
f 2452 2476 2477
f 2452 2477 2453
f 2453 2477 2478
f 2453 2478 2454
f 2454 2478 2048
f 2476 2464 2465
f 2415 2414 2167
f 2167 2414 2169
f 2468 2456 2479
f 2479 2456 2457
f 2479 2457 2480
f 2480 2457 2458
f 2480 2458 2047
f 2069 2071 2471
f 2471 2071 2481
f 2471 2481 2281
f 2281 2481 2076
f 2202 2079 2077
f 2472 2461 2482
f 2482 2461 2462
f 2482 2462 2483
f 2483 2462 2198
f 2483 2198 2048
f 2113 2115 2475
f 2475 2115 2484
f 2475 2484 2327
f 2327 2484 2120
f 2476 2465 2485
f 2485 2465 2466
f 2485 2466 2486
f 2486 2466 2467
f 2486 2467 2048
f 2416 2415 2165
f 2165 2415 2167
f 2468 2479 2469
f 2469 2479 2487
f 2469 2487 2470
f 2470 2487 2047
f 2487 2479 2480
f 2074 2076 2481
f 2074 2481 2073
f 2073 2481 2071
f 2202 2077 2488
f 2488 2077 2075
f 2488 2075 2047
f 2472 2482 2473
f 2473 2482 2489
f 2473 2489 2474
f 2474 2489 2048
f 2489 2482 2483
f 2118 2120 2484
f 2118 2484 2117
f 2117 2484 2115
f 2476 2485 2477
f 2477 2485 2490
f 2477 2490 2478
f 2478 2490 2048
f 2490 2485 2486
f 2162 2416 2163
f 2163 2416 2165
f 2047 2487 2480
f 2047 2200 2488
f 2488 2200 2202
f 2048 2489 2483
f 2048 2490 2486
f 2051 2140 2491
f 2491 2140 2492
f 337 2491 339
f 339 2491 2492
f 338 337 340
f 340 337 339
f 1274 1504 1276
f 1276 1504 1501
f 1276 1501 1588
f 1588 1501 1500
f 1588 1500 1498
f 1504 1274 1506
f 1506 1274 1272
f 1506 1272 1508
f 1508 1272 1270
f 1508 1270 1510
f 1510 1270 1268
f 1510 1268 1512
f 1512 1268 1266
f 1512 1266 1514
f 1514 1266 1264
f 1514 1264 1262
f 1514 1262 1516
f 1516 1262 1260
f 1516 1260 1518
f 1518 1260 1258
f 1518 1258 1520
f 1520 1258 1256
f 1520 1256 1522
f 1522 1256 1254
f 1522 1254 1524
f 1524 1254 1252
f 1524 1252 1526
f 1526 1252 1250
f 1526 1250 1528
f 1528 1250 340
f 1528 340 1474
f 1474 340 1476
f 1476 340 1478
f 1478 340 1480
f 1480 340 1482
f 1482 340 1484
f 1484 340 1486
f 1486 340 1588
f 1486 1588 1488
f 1488 1588 1490
f 1490 1588 1492
f 1492 1588 1494
f 1494 1588 1496
f 1496 1588 1498
f 1250 1304 340
f 340 1304 1418
f 340 1418 1472
f 1304 1302 1418
f 1418 1302 1420
f 1420 1302 1300
f 1420 1300 1422
f 1422 1300 1298
f 1422 1298 1424
f 1424 1298 1296
f 1424 1296 1426
f 1426 1296 1294
f 1426 1294 1428
f 1428 1294 1292
f 1428 1292 1430
f 1430 1292 1290
f 1430 1290 1432
f 1432 1290 1434
f 1434 1290 1288
f 1434 1288 1436
f 1436 1288 1286
f 1436 1286 1438
f 1438 1286 1284
f 1438 1284 1440
f 1440 1284 1282
f 1440 1282 1442
f 1442 1282 1280
f 1442 1280 1444
f 1444 1280 1277
f 1444 1277 1588
f 1588 1277 1276
f 1330 1389 1332
f 1332 1389 1586
f 1332 1586 1333
f 1333 1586 1529
f 1333 1529 1584
f 1328 1394 1330
f 1330 1394 1392
f 1330 1392 1389
f 1394 1328 1396
f 1396 1328 1326
f 1396 1326 1398
f 1398 1326 1324
f 1398 1324 1400
f 1400 1324 1322
f 1400 1322 1402
f 1402 1322 1320
f 1402 1320 1318
f 1402 1318 1404
f 1404 1318 1316
f 1404 1316 1406
f 1406 1316 1314
f 1406 1314 1408
f 1408 1314 1312
f 1408 1312 1410
f 1410 1312 1310
f 1410 1310 1412
f 1412 1310 1308
f 1412 1308 1414
f 1414 1308 1416
f 1416 1308 1306
f 1416 1306 338
f 338 1306 1360
f 338 1360 1559
f 1559 1360 1562
f 1562 1360 1358
f 1562 1358 1564
f 1564 1358 1356
f 1564 1356 1354
f 1564 1354 1566
f 1566 1354 1352
f 1566 1352 1568
f 1568 1352 1350
f 1568 1350 1570
f 1570 1350 1348
f 1570 1348 1572
f 1572 1348 1346
f 1572 1346 1574
f 1574 1346 1576
f 1576 1346 1344
f 1576 1344 1578
f 1578 1344 1342
f 1578 1342 1580
f 1580 1342 1340
f 1580 1340 1582
f 1582 1340 1338
f 1582 1338 1336
f 1582 1336 1584
f 1584 1336 1333
f 1386 1445 1388
f 1388 1445 1586
f 1388 1586 1389
f 1384 1450 1386
f 1386 1450 1448
f 1386 1448 1445
f 1450 1384 1452
f 1452 1384 1382
f 1452 1382 1454
f 1454 1382 1380
f 1454 1380 1456
f 1456 1380 1378
f 1456 1378 1458
f 1458 1378 1376
f 1458 1376 1374
f 1458 1374 1460
f 1460 1374 1372
f 1460 1372 1462
f 1462 1372 1370
f 1462 1370 1464
f 1464 1370 1368
f 1464 1368 1466
f 1466 1368 1366
f 1466 1366 1468
f 1468 1366 1364
f 1468 1364 1470
f 1470 1364 1472
f 1472 1364 1362
f 1472 1362 338
f 338 1362 1416
f 1586 1445 1588
f 1588 1445 1444
f 1534 1530 1586
f 1586 1530 1529
f 1559 1558 338
f 338 1558 1556
f 338 1556 1554
f 1554 1552 338
f 338 1552 1550
f 338 1550 1548
f 1548 1546 338
f 338 1546 1544
f 338 1544 1586
f 1586 1544 1542
f 1586 1542 1540
f 1540 1538 1586
f 1586 1538 1536
f 1586 1536 1534
f 338 340 1472
f 340 2041 1588
f 1588 2041 2040
f 1588 2040 1587
f 1587 2040 2038
f 1587 2038 2036
f 340 339 2041
f 2041 339 2044
f 2044 339 2492
f 2044 2492 2046
f 2046 2492 2140
f 2046 2140 2225
f 2225 2140 2230
f 2230 2140 2234
f 2234 2140 2237
f 2237 2140 2239
f 2225 2219 2046
f 2046 2219 2212
f 2046 2212 2048
f 2048 2212 2204
f 2048 2204 2158
f 2158 2159 2048
f 2048 2159 2161
f 1684 1769 2036
f 2036 1769 1763
f 2036 1763 1756
f 1783 1781 1684
f 1684 1781 1778
f 1684 1778 1774
f 1774 1769 1684
f 2036 1756 1592
f 1592 1756 1748
f 1592 1748 1702
f 1702 1703 1592
f 1592 1703 1705
f 1592 1590 2036
f 2036 1590 1587
f 337 338 2042
f 2042 338 1586
f 2042 1586 2039
f 2039 1586 1585
f 2039 1585 2037
f 2037 1585 1589
f 2037 1589 2035
f 2035 1589 1591
f 2035 1591 1733
f 1733 1591 1735
f 1735 1591 1737
f 1737 1591 1739
f 1739 1591 1741
f 1733 1731 2035
f 2035 1731 1729
f 2035 1729 1595
f 1595 1729 1727
f 1595 1727 1725
f 1725 1723 1595
f 1595 1723 1593
f 2042 2043 337
f 337 2043 2491
f 2491 2043 2045
f 2491 2045 2051
f 2051 2045 2185
f 2051 2185 2183
f 2047 2189 2045
f 2045 2189 2187
f 2045 2187 2185
f 2197 2195 2047
f 2047 2195 2193
f 2047 2193 2191
f 2191 2189 2047
f 2183 2181 2051
f 2051 2181 2179
f 2051 2179 2049

