FileName,Class_Label,Primary_Manufacturing_Label,Density_g_cc,Ultimate_Tensile_Strength_Average_MPa,Melting_Point_C
bearings_0000.stl_128.binvox,0,2,-1.11140029,-1.458091495,-1.191025761
bearings_0001.stl_128.binvox,0,0,0.246765781,-1.107766022,-1.136759941
bearings_0002.stl_128.binvox,0,0,0.246765781,-1.107766022,-1.136759941
bearings_0003.stl_128.binvox,0,0,0.246765781,-1.107766022,-1.136759941
bearings_0004.stl_128.binvox,0,0,1.074756181,-0.524567585,0.193757565
bearings_0005.stl_128.binvox,0,2,-1.268489378,-1.032580161,-1.440246563
bearings_0006.stl_128.binvox,0,2,-1.11140029,-1.458091495,-1.191025761
bearings_0007.stl_128.binvox,0,2,-1.16049063,-1.443867142,-1.191025761
bearings_0008.stl_128.binvox,0,2,-1.543068012,-1.381279993,-1.448285943
bearings_0009.stl_128.binvox,0,2,-1.16049063,-1.443867142,-1.191025761
bearings_0010.stl_128.binvox,0,2,-1.373215436,-0.849695633,-1.080484276
bearings_0011.stl_128.binvox,0,2,-1.268489378,-1.032580161,-1.440246563
bearings_0012.stl_128.binvox,0,0,1.074756181,-0.524567585,0.193757565
bearings_0013.stl_128.binvox,0,2,-1.392851572,-1.402819726,-1.540738821
bearings_0014.stl_128.binvox,0,2,-1.392851572,-1.402819726,-1.540738821
bearings_0015.stl_128.binvox,0,2,-1.301216271,-0.744029018,-1.313626317
bearings_0016.stl_128.binvox,0,2,-1.20958097,-1.423546639,-1.191025761
bearings_0017.stl_128.binvox,0,2,-1.301216271,-0.744029018,-1.313626317
bearings_0018.stl_128.binvox,0,2,-1.543395281,-1.337387706,-1.502551763
bearings_0019.stl_128.binvox,0,2,-1.543068012,-1.381279993,-1.448285943
bearings_0020.stl_128.binvox,0,2,-1.11140029,-1.458091495,-1.191025761
bearings_0021.stl_128.binvox,0,0,0.59039816,0.999470143,0.290230134
bearings_0022.stl_128.binvox,0,2,-1.268489378,-1.032580161,-1.440246563
bearings_0023.stl_128.binvox,0,0,0.246765781,-1.107766022,-1.136759941
bearings_0024.stl_128.binvox,0,2,-1.11140029,-1.458091495,-1.191025761
bearings_0025.stl_128.binvox,0,2,-1.11140029,-1.458091495,-1.191025761
bearings_0026.stl_128.binvox,0,0,1.042029287,-0.463606076,-0.051443546
bearings_0027.stl_128.binvox,0,2,-1.11140029,-1.458091495,-1.191025761
bearings_0028.stl_128.binvox,0,2,-1.386306193,-1.231721091,-1.416128421
bearings_0029.stl_128.binvox,0,0,0.246765781,-1.107766022,-1.136759941
bearings_0030.stl_128.binvox,0,0,0.59039816,0.999470143,0.290230134
bearings_0031.stl_128.binvox,0,0,0.246765781,-1.107766022,-1.136759941
bearings_0032.stl_128.binvox,0,2,-1.471396116,-1.193924955,-1.327695233
bearings_0033.stl_128.binvox,0,2,-1.20958097,-1.423546639,-1.191025761
bearings_0034.stl_128.binvox,0,0,0.59039816,0.999470143,0.290230134
bearings_0035.stl_128.binvox,0,2,-1.373215436,-0.849695633,-1.080484276
bearings_0036.stl_128.binvox,0,0,1.042029287,-0.463606076,-0.051443546
bearings_0037.stl_128.binvox,0,0,1.042029287,-0.463606076,-0.051443546
bearings_0038.stl_128.binvox,0,2,-1.373215436,-0.849695633,-1.080484276
bearings_0039.stl_128.binvox,0,2,-1.137581804,-1.395910755,-1.104602418
bearings_0040.stl_128.binvox,0,2,-1.543395281,-1.337387706,-1.502551763
bearings_0041.stl_128.binvox,0,2,-1.11140029,-1.458091495,-1.191025761
bearings_0042.stl_128.binvox,0,2,-1.16049063,-1.443867142,-1.191025761
bearings_0043.stl_128.binvox,0,0,1.042029287,-0.463606076,-0.051443546
bearings_0044.stl_128.binvox,0,2,-1.11140029,-1.458091495,-1.191025761
bearings_0045.stl_128.binvox,0,2,-1.471396116,-1.193924955,-1.327695233
bearings_0046.stl_128.binvox,0,2,-1.268489378,-1.032580161,-1.440246563
bearings_0047.stl_128.binvox,0,2,-1.471396116,-1.193924955,-1.327695233
bearings_0048.stl_128.binvox,0,2,-1.268489378,-1.032580161,-1.440246563
bearings_0049.stl_128.binvox,0,2,-1.268489378,-1.032580161,-1.440246563
bearings_0050.stl_128.binvox,0,2,-1.301216271,-0.744029018,-1.313626317
bearings_0051.stl_128.binvox,0,2,-1.373215436,-0.849695633,-1.080484276
bearings_0052.stl_128.binvox,0,2,-1.392851572,-1.402819726,-1.540738821
bearings_0053.stl_128.binvox,0,0,1.074756181,-0.524567585,0.193757565
bearings_0054.stl_128.binvox,0,2,-1.137581804,-1.395910755,-1.104602418
bearings_0055.stl_128.binvox,0,2,-1.11140029,-1.458091495,-1.191025761
bearings_0056.stl_128.binvox,0,0,1.074756181,-0.524567585,0.193757565
bearings_0057.stl_128.binvox,0,2,-1.301216271,-0.744029018,-1.313626317
bushing_0000.stl_128.binvox,1,2,-1.16049063,-1.443867142,-1.191025761
bushing_0001.stl_128.binvox,1,0,0.770396073,0.552419076,1.043922075
bushing_0002.stl_128.binvox,1,2,-1.392851572,-1.402819726,-1.540738821
bushing_0003.stl_128.binvox,1,0,0.770396073,0.552419076,1.043922075
bushing_0004.stl_128.binvox,1,0,1.074756181,-0.524567585,0.193757565
bushing_0005.stl_128.binvox,1,2,-1.20958097,-1.423546639,-1.191025761
bushing_0006.stl_128.binvox,1,2,-1.20958097,-1.423546639,-1.191025761
bushing_0007.stl_128.binvox,1,2,-1.16049063,-1.443867142,-1.191025761
bushing_0008.stl_128.binvox,1,2,-1.373215436,-0.849695633,-1.080484276
bushing_0009.stl_128.binvox,1,0,0.246765781,-1.107766022,-1.136759941
bushing_0010.stl_128.binvox,1,2,-1.520486456,-1.471950078,-1.52867975
bushing_0011.stl_128.binvox,1,2,-1.20958097,-1.423546639,-1.191025761
bushing_0012.stl_128.binvox,1,0,0.727851112,0.694662598,0.652002265
bushing_0013.stl_128.binvox,1,2,-1.520486456,-1.471950078,-1.52867975
bushing_0014.stl_128.binvox,1,0,0.770396073,0.552419076,1.043922075
bushing_0015.stl_128.binvox,1,0,1.042029287,-0.463606076,-0.051443546
bushing_0016.stl_128.binvox,1,2,-1.543395281,-1.337387706,-1.502551763
bushing_0017.stl_128.binvox,1,2,-1.543068012,-1.381279993,-1.448285943
bushing_0018.stl_128.binvox,1,2,-1.301216271,-0.744029018,-1.313626317
bushing_0019.stl_128.binvox,1,2,-1.471396116,-1.193924955,-1.327695233
bushing_0020.stl_128.binvox,1,0,1.042029287,-0.463606076,-0.051443546
bushing_0021.stl_128.binvox,1,2,-1.520486456,-1.471950078,-1.52867975
bushing_0022.stl_128.binvox,1,2,-1.20958097,-1.423546639,-1.191025761
bushing_0023.stl_128.binvox,1,2,-1.543395281,-1.337387706,-1.502551763
bushing_0024.stl_128.binvox,1,2,-1.137581804,-1.395910755,-1.104602418
bushing_0025.stl_128.binvox,1,2,-1.520486456,-1.471950078,-1.52867975
bushing_0026.stl_128.binvox,1,2,-1.20958097,-1.423546639,-1.191025761
bushing_0027.stl_128.binvox,1,0,0.770396073,0.552419076,1.043922075
bushing_0028.stl_128.binvox,1,2,-1.543068012,-1.381279993,-1.448285943
bushing_0029.stl_128.binvox,1,0,0.246765781,-1.107766022,-1.136759941
bushing_0030.stl_128.binvox,1,2,-1.137581804,-1.395910755,-1.104602418
bushing_0031.stl_128.binvox,1,0,0.246765781,-1.107766022,-1.136759941
bushing_0032.stl_128.binvox,1,2,-1.16049063,-1.443867142,-1.191025761
bushing_0033.stl_128.binvox,1,0,0.655851947,1.58063653,1.210739224
bushing_0034.stl_128.binvox,1,2,-1.471396116,-1.193924955,-1.327695233
bushing_0035.stl_128.binvox,1,0,1.074756181,-0.524567585,0.193757565
bushing_0036.stl_128.binvox,1,2,-1.20958097,-1.423546639,-1.191025761
bushing_0037.stl_128.binvox,1,2,-1.441941912,-1.470527642,-1.329705078
bushing_0038.stl_128.binvox,1,0,0.727851112,0.694662598,0.652002265
bushing_0039.stl_128.binvox,1,0,1.042029287,-0.463606076,-0.051443546
bushing_0040.stl_128.binvox,1,2,-1.566304106,-1.43086202,-1.468384395
bushing_0041.stl_128.binvox,1,2,-1.543068012,-1.381279993,-1.448285943
bushing_0042.stl_128.binvox,1,2,-1.536849902,-1.471503027,-1.588975106
bushing_0043.stl_128.binvox,1,2,-1.471396116,-1.193924955,-1.327695233
bushing_0044.stl_128.binvox,1,0,0.770396073,0.552419076,1.043922075
bushing_0045.stl_128.binvox,1,2,-1.471396116,-1.404851777,-1.609073557
bushing_0046.stl_128.binvox,1,2,-1.536849902,-1.471503027,-1.588975106
bushing_0047.stl_128.binvox,1,0,1.074756181,-0.524567585,0.193757565
bushing_0048.stl_128.binvox,1,0,0.246765781,-1.107766022,-1.136759941
bushing_0049.stl_128.binvox,1,0,1.074756181,-0.524567585,0.193757565
bushing_0050.stl_128.binvox,1,2,-1.543068012,-1.381279993,-1.448285943
bushing_0051.stl_128.binvox,1,0,0.246765781,-1.107766022,-1.136759941
bushing_0052.stl_128.binvox,1,2,-1.471396116,-1.404851777,-1.609073557
bushing_0053.stl_128.binvox,1,2,-1.441941912,-1.470527642,-1.329705078
bushing_0054.stl_128.binvox,1,0,0.770396073,1.019790646,0.983626719
bushing_0055.stl_128.binvox,1,0,1.074756181,-0.524567585,0.193757565
bushing_0056.stl_128.binvox,1,0,0.727851112,0.694662598,0.652002265
bushing_0057.stl_128.binvox,1,2,-1.301216271,-0.744029018,-1.313626317
bushing_0058.stl_128.binvox,1,2,-1.11140029,-1.458091495,-1.191025761
bushing_0059.stl_128.binvox,1,2,-1.543395281,-1.337387706,-1.502551763
bushing_0060.stl_128.binvox,1,2,-1.137581804,-1.395910755,-1.104602418
bushing_0061.stl_128.binvox,1,2,-1.566304106,-1.43086202,-1.468384395
bushing_0062.stl_128.binvox,1,2,-1.392851572,-1.402819726,-1.540738821
bushing_0063.stl_128.binvox,1,0,0.246765781,-1.107766022,-1.136759941
bushing_0064.stl_128.binvox,1,2,-1.543068012,-1.381279993,-1.448285943
bushing_0065.stl_128.binvox,1,2,-1.20958097,-1.423546639,-1.191025761
bushing_0066.stl_128.binvox,1,2,-1.373215436,-0.849695633,-1.080484276
bushing_0067.stl_128.binvox,1,2,-1.566304106,-1.43086202,-1.468384395
bushing_0068.stl_128.binvox,1,0,0.246765781,-1.107766022,-1.136759941
bushing_0069.stl_128.binvox,1,2,-1.392851572,-1.402819726,-1.540738821
bushing_0070.stl_128.binvox,1,0,0.770396073,1.019790646,0.983626719
bushing_0071.stl_128.binvox,1,0,1.074756181,-0.524567585,0.193757565
bushing_0072.stl_128.binvox,1,2,-1.392851572,-1.402819726,-1.540738821
bushing_0073.stl_128.binvox,1,2,-1.543068012,-1.381279993,-1.448285943
bushing_0074.stl_128.binvox,1,0,0.770396073,0.552419076,1.043922075
bushing_0075.stl_128.binvox,1,0,0.655851947,1.58063653,1.210739224
bushing_0076.stl_128.binvox,1,2,-1.16049063,-1.443867142,-1.191025761
bushing_0077.stl_128.binvox,1,0,0.727851112,0.694662598,0.652002265
bushing_0078.stl_128.binvox,1,0,1.042029287,-0.463606076,-0.051443546
bushing_0079.stl_128.binvox,1,2,-1.16049063,-1.443867142,-1.191025761
bushing_0080.stl_128.binvox,1,2,-1.11140029,-1.458091495,-1.191025761
bushing_0081.stl_128.binvox,1,2,-1.566304106,-1.43086202,-1.468384395
bushing_0082.stl_128.binvox,1,2,-1.471396116,-1.193924955,-1.327695233
bushing_0083.stl_128.binvox,1,2,-1.520486456,-1.471950078,-1.52867975
bushing_0084.stl_128.binvox,1,2,-1.520486456,-1.471950078,-1.52867975
bushing_0085.stl_128.binvox,1,0,0.59039816,0.999470143,0.290230134
bushing_0086.stl_128.binvox,1,2,-1.392851572,-1.402819726,-1.540738821
bushing_0087.stl_128.binvox,1,0,0.770396073,1.019790646,0.983626719
bushing_0088.stl_128.binvox,1,2,-1.373215436,-0.849695633,-1.080484276
bushing_0089.stl_128.binvox,1,2,-1.301216271,-0.744029018,-1.313626317
bushing_0090.stl_128.binvox,1,2,-1.373215436,-0.849695633,-1.080484276
bushing_0091.stl_128.binvox,1,0,0.727851112,0.694662598,0.652002265
bushing_0092.stl_128.binvox,1,2,-1.16049063,-1.443867142,-1.191025761
bushing_0093.stl_128.binvox,1,2,-1.543068012,-1.381279993,-1.448285943
bushing_0094.stl_128.binvox,1,2,-1.471396116,-1.404851777,-1.609073557
bushing_0095.stl_128.binvox,1,2,-1.373215436,-0.849695633,-1.080484276
bushing_0096.stl_128.binvox,1,0,0.727851112,0.694662598,0.652002265
bushing_0097.stl_128.binvox,1,2,-1.471396116,-1.193924955,-1.327695233
bushing_0098.stl_128.binvox,1,2,-1.20958097,-1.423546639,-1.191025761
bushing_0099.stl_128.binvox,1,2,-1.20958097,-1.423546639,-1.191025761
bushing_0100.stl_128.binvox,1,0,0.246765781,-1.107766022,-1.136759941
bushing_0101.stl_128.binvox,1,2,-1.301216271,-0.744029018,-1.313626317
bushing_0102.stl_128.binvox,1,2,-1.543395281,-1.337387706,-1.502551763
bushing_0103.stl_128.binvox,1,0,1.074756181,-0.524567585,0.193757565
bushing_0104.stl_128.binvox,1,2,-1.566304106,-1.43086202,-1.468384395
bushing_0105.stl_128.binvox,1,0,0.246765781,-1.107766022,-1.136759941
bushing_0106.stl_128.binvox,1,2,-1.301216271,-0.744029018,-1.313626317
bushing_0107.stl_128.binvox,1,0,0.770396073,1.019790646,0.983626719
bushing_0108.stl_128.binvox,1,0,1.042029287,-0.463606076,-0.051443546
bushing_0109.stl_128.binvox,1,2,-1.520486456,-1.471950078,-1.52867975
bushing_0110.stl_128.binvox,1,0,1.074756181,-0.524567585,0.193757565
bushing_0111.stl_128.binvox,1,2,-1.566304106,-1.43086202,-1.468384395
bushing_0112.stl_128.binvox,1,2,-1.471396116,-1.404851777,-1.609073557
bushing_0113.stl_128.binvox,1,2,-1.301216271,-0.744029018,-1.313626317
bushing_0114.stl_128.binvox,1,2,-1.392851572,-1.402819726,-1.540738821
bushing_0115.stl_128.binvox,1,2,-1.536849902,-1.471503027,-1.588975106
bushing_0116.stl_128.binvox,1,2,-1.543068012,-1.381279993,-1.448285943
bushing_0117.stl_128.binvox,1,2,-1.20958097,-1.423546639,-1.191025761
bushing_0118.stl_128.binvox,1,2,-1.566304106,-1.43086202,-1.468384395
bushing_0119.stl_128.binvox,1,0,0.246765781,-1.107766022,-1.136759941
bushing_0120.stl_128.binvox,1,2,-1.520486456,-1.471950078,-1.52867975
bushing_0121.stl_128.binvox,1,0,1.042029287,-0.463606076,-0.051443546
bushing_0122.stl_128.binvox,1,2,-1.16049063,-1.443867142,-1.191025761
bushing_0123.stl_128.binvox,1,0,0.770396073,0.552419076,1.043922075
bushing_0124.stl_128.binvox,1,2,-1.301216271,-0.744029018,-1.313626317
bushing_0125.stl_128.binvox,1,2,-1.471396116,-1.193924955,-1.327695233
bushing_0126.stl_128.binvox,1,0,0.246765781,-1.107766022,-1.136759941
bushing_0127.stl_128.binvox,1,2,-1.137581804,-1.395910755,-1.104602418
bushing_0128.stl_128.binvox,1,0,0.246765781,-1.107766022,-1.136759941
bushing_0129.stl_128.binvox,1,2,-1.11140029,-1.458091495,-1.191025761
bushing_0130.stl_128.binvox,1,0,0.770396073,1.019790646,0.983626719
bushing_0131.stl_128.binvox,1,2,-1.301216271,-0.744029018,-1.313626317
bushing_0132.stl_128.binvox,1,2,-1.11140029,-1.458091495,-1.191025761
bushing_0133.stl_128.binvox,1,0,0.246765781,-1.107766022,-1.136759941
bushing_0134.stl_128.binvox,1,2,-1.543068012,-1.381279993,-1.448285943
bushing_0135.stl_128.binvox,1,0,0.246765781,-1.107766022,-1.136759941
bushing_0136.stl_128.binvox,1,2,-1.543068012,-1.381279993,-1.448285943
bushing_0137.stl_128.binvox,1,2,-1.392851572,-1.402819726,-1.540738821
bushing_0138.stl_128.binvox,1,0,0.59039816,0.999470143,0.290230134
bushing_0139.stl_128.binvox,1,2,-1.471396116,-1.404851777,-1.609073557
bushing_0140.stl_128.binvox,1,2,-1.16049063,-1.443867142,-1.191025761
bushing_0141.stl_128.binvox,1,2,-1.301216271,-0.744029018,-1.313626317
bushing_0142.stl_128.binvox,1,2,-1.543395281,-1.337387706,-1.502551763
bushing_0143.stl_128.binvox,1,2,-1.137581804,-1.395910755,-1.104602418
bushing_0144.stl_128.binvox,1,2,-1.441941912,-1.470527642,-1.329705078
bushing_0145.stl_128.binvox,1,2,-1.16049063,-1.443867142,-1.191025761
bushing_0146.stl_128.binvox,1,0,0.727851112,0.694662598,0.652002265
bushing_0147.stl_128.binvox,1,0,1.042029287,-0.463606076,-0.051443546
bushing_0148.stl_128.binvox,1,2,-1.20958097,-1.423546639,-1.191025761
bushing_0149.stl_128.binvox,1,2,-1.543395281,-1.337387706,-1.502551763
bushing_0150.stl_128.binvox,1,2,-1.301216271,-0.744029018,-1.313626317
bushing_0151.stl_128.binvox,1,2,-1.301216271,-0.744029018,-1.313626317
bushing_0152.stl_128.binvox,1,0,0.59039816,0.999470143,0.290230134
bushing_0153.stl_128.binvox,1,2,-1.441941912,-1.470527642,-1.329705078
bushing_0154.stl_128.binvox,1,0,0.770396073,1.019790646,0.983626719
bushing_0155.stl_128.binvox,1,2,-1.392851572,-1.402819726,-1.540738821
bushing_0156.stl_128.binvox,1,0,0.770396073,0.552419076,1.043922075
bushing_0157.stl_128.binvox,1,2,-1.301216271,-0.744029018,-1.313626317
bushing_0158.stl_128.binvox,1,0,0.770396073,1.019790646,0.983626719
bushing_0159.stl_128.binvox,1,2,-1.301216271,-0.744029018,-1.313626317
bushing_0160.stl_128.binvox,1,2,-1.301216271,-0.744029018,-1.313626317
bushing_0161.stl_128.binvox,1,0,0.727851112,0.694662598,0.652002265
bushing_0162.stl_128.binvox,1,2,-1.471396116,-1.404851777,-1.609073557
bushing_0163.stl_128.binvox,1,2,-1.471396116,-1.404851777,-1.609073557
bushing_0164.stl_128.binvox,1,0,1.074756181,-0.524567585,0.193757565
bushing_0165.stl_128.binvox,1,0,0.770396073,0.552419076,1.043922075
bushing_0166.stl_128.binvox,1,2,-1.543068012,-1.381279993,-1.448285943
bushing_0167.stl_128.binvox,1,0,1.042029287,-0.463606076,-0.051443546
bushing_0168.stl_128.binvox,1,0,0.59039816,0.999470143,0.290230134
bushing_0169.stl_128.binvox,1,0,0.655851947,1.58063653,1.210739224
bushing_0170.stl_128.binvox,1,0,0.246765781,-1.107766022,-1.136759941
bushing_0171.stl_128.binvox,1,0,0.770396073,0.552419076,1.043922075
bushing_0172.stl_128.binvox,1,2,-1.536849902,-1.471503027,-1.588975106
bushing_0173.stl_128.binvox,1,2,-1.471396116,-1.404851777,-1.609073557
bushing_0174.stl_128.binvox,1,2,-1.11140029,-1.458091495,-1.191025761
bushing_0175.stl_128.binvox,1,2,-1.471396116,-1.404851777,-1.609073557
bushing_0176.stl_128.binvox,1,0,0.770396073,0.552419076,1.043922075
bushing_0177.stl_128.binvox,1,0,1.042029287,-0.463606076,-0.051443546
bushing_0178.stl_128.binvox,1,2,-1.11140029,-1.458091495,-1.191025761
bushing_0179.stl_128.binvox,1,2,-1.441941912,-1.470527642,-1.329705078
bushing_0180.stl_128.binvox,1,2,-1.543068012,-1.381279993,-1.448285943
bushing_0181.stl_128.binvox,1,2,-1.536849902,-1.471503027,-1.588975106
bushing_0182.stl_128.binvox,1,0,0.655851947,1.58063653,1.210739224
bushing_0183.stl_128.binvox,1,0,0.59039816,0.999470143,0.290230134
bushing_0184.stl_128.binvox,1,0,1.074756181,-0.524567585,0.193757565
bushing_0185.stl_128.binvox,1,0,1.074756181,-0.524567585,0.193757565
bushing_0186.stl_128.binvox,1,0,0.59039816,0.999470143,0.290230134
bushing_0187.stl_128.binvox,1,0,1.074756181,-0.524567585,0.193757565
bushing_0188.stl_128.binvox,1,2,-1.11140029,-1.458091495,-1.191025761
bushing_0189.stl_128.binvox,1,2,-1.543395281,-1.337387706,-1.502551763
bushing_0190.stl_128.binvox,1,0,0.727851112,0.694662598,0.652002265
bushing_0191.stl_128.binvox,1,2,-1.543395281,-1.337387706,-1.502551763
bushing_0192.stl_128.binvox,1,2,-1.373215436,-0.849695633,-1.080484276
bushing_0193.stl_128.binvox,1,2,-1.301216271,-0.744029018,-1.313626317
bushing_0194.stl_128.binvox,1,2,-1.543068012,-1.381279993,-1.448285943
bushing_0195.stl_128.binvox,1,0,0.655851947,1.58063653,1.210739224
bushing_0196.stl_128.binvox,1,2,-1.543395281,-1.337387706,-1.502551763
bushing_0197.stl_128.binvox,1,2,-1.16049063,-1.443867142,-1.191025761
bushing_0198.stl_128.binvox,1,0,0.655851947,1.58063653,1.210739224
bushing_0199.stl_128.binvox,1,2,-1.441941912,-1.470527642,-1.329705078
bushing_0200.stl_128.binvox,1,0,0.246765781,-1.107766022,-1.136759941
bushing_0201.stl_128.binvox,1,0,0.770396073,0.552419076,1.043922075
bushing_0202.stl_128.binvox,1,2,-1.471396116,-1.193924955,-1.327695233
bushing_0203.stl_128.binvox,1,2,-1.543395281,-1.337387706,-1.502551763
bushing_0204.stl_128.binvox,1,0,0.770396073,0.552419076,1.043922075
bushing_0205.stl_128.binvox,1,2,-1.20958097,-1.423546639,-1.191025761
bushing_0206.stl_128.binvox,1,0,0.727851112,0.694662598,0.652002265
bushing_0207.stl_128.binvox,1,0,0.770396073,1.019790646,0.983626719
bushing_0208.stl_128.binvox,1,2,-1.16049063,-1.443867142,-1.191025761
bushing_0209.stl_128.binvox,1,0,0.727851112,0.694662598,0.652002265
bushing_0210.stl_128.binvox,1,0,0.246765781,-1.107766022,-1.136759941
bushing_0211.stl_128.binvox,1,0,0.246765781,-1.107766022,-1.136759941
bushing_0212.stl_128.binvox,1,0,0.770396073,0.552419076,1.043922075
bushing_0213.stl_128.binvox,1,0,1.074756181,-0.524567585,0.193757565
bushing_0214.stl_128.binvox,1,2,-1.520486456,-1.471950078,-1.52867975
bushing_0215.stl_128.binvox,1,2,-1.16049063,-1.443867142,-1.191025761
bushing_0216.stl_128.binvox,1,2,-1.392851572,-1.402819726,-1.540738821
bushing_0217.stl_128.binvox,1,0,1.074756181,-0.524567585,0.193757565
bushing_0218.stl_128.binvox,1,2,-1.566304106,-1.43086202,-1.468384395
bushing_0219.stl_128.binvox,1,0,1.042029287,-0.463606076,-0.051443546
bushing_0220.stl_128.binvox,1,0,1.042029287,-0.463606076,-0.051443546
bushing_0221.stl_128.binvox,1,0,0.59039816,0.999470143,0.290230134
bushing_0222.stl_128.binvox,1,2,-1.20958097,-1.423546639,-1.191025761
bushing_0223.stl_128.binvox,1,2,-1.16049063,-1.443867142,-1.191025761
bushing_0224.stl_128.binvox,1,0,0.770396073,0.552419076,1.043922075
bushing_0225.stl_128.binvox,1,2,-1.520486456,-1.471950078,-1.52867975
bushing_0226.stl_128.binvox,1,2,-1.392851572,-1.402819726,-1.540738821
bushing_0227.stl_128.binvox,1,0,1.074756181,-0.524567585,0.193757565
bushing_0228.stl_128.binvox,1,2,-1.16049063,-1.443867142,-1.191025761
bushing_0229.stl_128.binvox,1,2,-1.301216271,-0.744029018,-1.313626317
bushing_0230.stl_128.binvox,1,2,-1.137581804,-1.395910755,-1.104602418
bushing_0231.stl_128.binvox,1,0,0.770396073,1.019790646,0.983626719
bushing_0232.stl_128.binvox,1,0,0.770396073,0.552419076,1.043922075
bushing_0233.stl_128.binvox,1,0,0.770396073,0.552419076,1.043922075
bushing_0234.stl_128.binvox,1,0,1.074756181,-0.524567585,0.193757565
bushing_0235.stl_128.binvox,1,2,-1.392851572,-1.402819726,-1.540738821
bushing_0236.stl_128.binvox,1,2,-1.471396116,-1.193924955,-1.327695233
bushing_0237.stl_128.binvox,1,2,-1.520486456,-1.471950078,-1.52867975
bushing_0238.stl_128.binvox,1,2,-1.471396116,-1.193924955,-1.327695233
bushing_0239.stl_128.binvox,1,2,-1.392851572,-1.402819726,-1.540738821
bushing_0240.stl_128.binvox,1,2,-1.536849902,-1.471503027,-1.588975106
bushing_0241.stl_128.binvox,1,0,0.770396073,1.019790646,0.983626719
bushing_0242.stl_128.binvox,1,2,-1.16049063,-1.443867142,-1.191025761
bushing_0243.stl_128.binvox,1,2,-1.471396116,-1.193924955,-1.327695233
bushing_0244.stl_128.binvox,1,2,-1.16049063,-1.443867142,-1.191025761
bushing_0245.stl_128.binvox,1,2,-1.536849902,-1.471503027,-1.588975106
bushing_0246.stl_128.binvox,1,0,0.770396073,0.552419076,1.043922075
bushing_0247.stl_128.binvox,1,0,0.770396073,1.019790646,0.983626719
bushing_0248.stl_128.binvox,1,0,0.770396073,1.019790646,0.983626719
bushing_0249.stl_128.binvox,1,0,0.770396073,1.019790646,0.983626719
bushing_0250.stl_128.binvox,1,2,-1.543068012,-1.381279993,-1.448285943
bushing_0251.stl_128.binvox,1,2,-1.301216271,-0.744029018,-1.313626317
bushing_0252.stl_128.binvox,1,2,-1.373215436,-0.849695633,-1.080484276
bushing_0253.stl_128.binvox,1,2,-1.301216271,-0.744029018,-1.313626317
bushing_0254.stl_128.binvox,1,2,-1.392851572,-1.402819726,-1.540738821
bushing_0255.stl_128.binvox,1,0,0.246765781,-1.107766022,-1.136759941
bushing_0256.stl_128.binvox,1,2,-1.543068012,-1.381279993,-1.448285943
bushing_0257.stl_128.binvox,1,2,-1.471396116,-1.193924955,-1.327695233
bushing_0258.stl_128.binvox,1,2,-1.520486456,-1.471950078,-1.52867975
bushing_0259.stl_128.binvox,1,2,-1.471396116,-1.193924955,-1.327695233
bushing_0260.stl_128.binvox,1,2,-1.11140029,-1.458091495,-1.191025761
bushing_0261.stl_128.binvox,1,2,-1.543068012,-1.381279993,-1.448285943
bushing_0262.stl_128.binvox,1,2,-1.566304106,-1.43086202,-1.468384395
bushing_0263.stl_128.binvox,1,0,0.59039816,0.999470143,0.290230134
bushing_0264.stl_128.binvox,1,0,0.655851947,1.58063653,1.210739224
bushing_0265.stl_128.binvox,1,2,-1.16049063,-1.443867142,-1.191025761
bushing_0266.stl_128.binvox,1,0,1.042029287,-0.463606076,-0.051443546
bushing_0267.stl_128.binvox,1,2,-1.543068012,-1.381279993,-1.448285943
bushing_0268.stl_128.binvox,1,2,-1.441941912,-1.470527642,-1.329705078
bushing_0269.stl_128.binvox,1,2,-1.373215436,-0.849695633,-1.080484276
bushing_0270.stl_128.binvox,1,2,-1.543068012,-1.381279993,-1.448285943
bushing_0271.stl_128.binvox,1,0,0.727851112,0.694662598,0.652002265
bushing_0272.stl_128.binvox,1,2,-1.543068012,-1.381279993,-1.448285943
bushing_0273.stl_128.binvox,1,2,-1.543068012,-1.381279993,-1.448285943
bushing_0274.stl_128.binvox,1,2,-1.392851572,-1.402819726,-1.540738821
bushing_0275.stl_128.binvox,1,2,-1.301216271,-0.744029018,-1.313626317
bushing_0276.stl_128.binvox,1,2,-1.471396116,-1.404851777,-1.609073557
bushing_0277.stl_128.binvox,1,2,-1.301216271,-0.744029018,-1.313626317
bushing_0278.stl_128.binvox,1,0,1.042029287,-0.463606076,-0.051443546
bushing_0279.stl_128.binvox,1,2,-1.520486456,-1.471950078,-1.52867975
bushing_0280.stl_128.binvox,1,2,-1.471396116,-1.404851777,-1.609073557
bushing_0281.stl_128.binvox,1,2,-1.536849902,-1.471503027,-1.588975106
bushing_0282.stl_128.binvox,1,2,-1.137581804,-1.395910755,-1.104602418
bushing_0283.stl_128.binvox,1,2,-1.373215436,-0.849695633,-1.080484276
bushing_0284.stl_128.binvox,1,2,-1.20958097,-1.423546639,-1.191025761
bushing_0285.stl_128.binvox,1,2,-1.471396116,-1.193924955,-1.327695233
bushing_0286.stl_128.binvox,1,2,-1.11140029,-1.458091495,-1.191025761
bushing_0287.stl_128.binvox,1,2,-1.137581804,-1.395910755,-1.104602418
bushing_0288.stl_128.binvox,1,2,-1.373215436,-0.849695633,-1.080484276
bushing_0289.stl_128.binvox,1,0,0.727851112,0.694662598,0.652002265
bushing_0290.stl_128.binvox,1,2,-1.373215436,-0.849695633,-1.080484276
bushing_0291.stl_128.binvox,1,2,-1.16049063,-1.443867142,-1.191025761
bushing_0292.stl_128.binvox,1,2,-1.373215436,-0.849695633,-1.080484276
bushing_0293.stl_128.binvox,1,2,-1.137581804,-1.395910755,-1.104602418
bushing_0294.stl_128.binvox,1,2,-1.471396116,-1.193924955,-1.327695233
bushing_0295.stl_128.binvox,1,2,-1.471396116,-1.193924955,-1.327695233
bushing_0296.stl_128.binvox,1,0,1.074756181,-0.524567585,0.193757565
bushing_0297.stl_128.binvox,1,2,-1.520486456,-1.471950078,-1.52867975
bushing_0298.stl_128.binvox,1,2,-1.543395281,-1.337387706,-1.502551763
bushing_0299.stl_128.binvox,1,0,0.655851947,1.58063653,1.210739224
bushing_0300.stl_128.binvox,1,0,0.655851947,1.58063653,1.210739224
bushing_0301.stl_128.binvox,1,2,-1.471396116,-1.193924955,-1.327695233
bushing_0302.stl_128.binvox,1,2,-1.441941912,-1.470527642,-1.329705078
bushing_0303.stl_128.binvox,1,0,0.246765781,-1.107766022,-1.136759941
bushing_0304.stl_128.binvox,1,0,0.246765781,-1.107766022,-1.136759941
bushing_0305.stl_128.binvox,1,2,-1.11140029,-1.458091495,-1.191025761
bushing_0306.stl_128.binvox,1,2,-1.471396116,-1.193924955,-1.327695233
bushing_0307.stl_128.binvox,1,0,0.246765781,-1.107766022,-1.136759941
bushing_0308.stl_128.binvox,1,2,-1.536849902,-1.471503027,-1.588975106
bushing_0309.stl_128.binvox,1,0,1.042029287,-0.463606076,-0.051443546
headless_screws_0000.stl_128.binvox,2,0,1.130391899,2.137418314,1.094168204
headless_screws_0001.stl_128.binvox,2,2,-1.386306193,-1.231721091,-1.416128421
headless_screws_0002.stl_128.binvox,2,0,0.770396073,1.304277689,1.043922075
headless_screws_0003.stl_128.binvox,2,0,0.770396073,1.304277689,1.043922075
headless_screws_0004.stl_128.binvox,2,0,-0.96412927,-0.240080542,-0.600131279
headless_screws_0005.stl_128.binvox,2,0,1.051192817,0.601188284,0.842937557
headless_screws_0006.stl_128.binvox,2,0,-0.96412927,-0.240080542,-0.600131279
headless_screws_0007.stl_128.binvox,2,0,0.93075785,-0.126285725,0.008851809
headless_screws_0008.stl_128.binvox,2,0,-0.96412927,-0.240080542,-0.600131279
headless_screws_0009.stl_128.binvox,2,2,-1.471396116,-1.193924955,-1.327695233
headless_screws_0010.stl_128.binvox,2,2,-1.392851572,-1.402819726,-1.540738821
headless_screws_0011.stl_128.binvox,2,0,0.770396073,1.019790646,0.983626719
headless_screws_0012.stl_128.binvox,2,0,0.770396073,1.304277689,1.043922075
headless_screws_0013.stl_128.binvox,2,0,0.770396073,0.552419076,1.043922075
headless_screws_0014.stl_128.binvox,2,0,-0.371772502,-0.101901122,1.576531046
headless_screws_0015.stl_128.binvox,2,0,1.051192817,0.601188284,0.842937557
headless_screws_0016.stl_128.binvox,2,0,1.051192817,0.601188284,0.842937557
headless_screws_0017.stl_128.binvox,2,0,0.770396073,0.552419076,1.043922075
headless_screws_0018.stl_128.binvox,2,0,1.051192817,0.601188284,0.842937557
headless_screws_0019.stl_128.binvox,2,2,-1.392851572,-1.402819726,-1.540738821
headless_screws_0020.stl_128.binvox,2,0,1.051192817,0.601188284,0.842937557
headless_screws_0021.stl_128.binvox,2,0,0.770396073,1.019790646,0.983626719
headless_screws_0022.stl_128.binvox,2,0,0.770396073,1.304277689,1.043922075
headless_screws_0023.stl_128.binvox,2,2,-1.471396116,-1.193924955,-1.327695233
headless_screws_0024.stl_128.binvox,2,0,1.130391899,2.137418314,1.094168204
headless_screws_0025.stl_128.binvox,2,0,-0.371772502,-0.101901122,1.576531046
headless_screws_0026.stl_128.binvox,2,0,-0.96412927,-0.240080542,-0.600131279
headless_screws_0027.stl_128.binvox,2,0,1.038756598,-0.463606076,-0.053453391
headless_screws_0028.stl_128.binvox,2,0,0.685306151,0.572739579,1.204709689
headless_screws_0029.stl_128.binvox,2,2,-1.386306193,-1.231721091,-1.416128421
headless_screws_0030.stl_128.binvox,2,2,-1.386306193,-1.231721091,-1.416128421
headless_screws_0031.stl_128.binvox,2,0,-0.371772502,-0.101901122,1.576531046
headless_screws_0032.stl_128.binvox,2,0,0.770396073,1.304277689,1.043922075
headless_screws_0033.stl_128.binvox,2,2,-1.471396116,-1.193924955,-1.327695233
headless_screws_0034.stl_128.binvox,2,0,1.051192817,0.601188284,0.842937557
headless_screws_0035.stl_128.binvox,2,0,0.770396073,1.304277689,1.043922075
headless_screws_0036.stl_128.binvox,2,0,1.130391899,2.137418314,1.094168204
headless_screws_0037.stl_128.binvox,2,0,1.038756598,-0.463606076,-0.053453391
headless_screws_0038.stl_128.binvox,2,0,-0.96412927,-0.240080542,-0.600131279
headless_screws_0039.stl_128.binvox,2,0,1.130391899,2.137418314,1.094168204
headless_screws_0040.stl_128.binvox,2,0,0.770396073,1.019790646,0.983626719
headless_screws_0041.stl_128.binvox,2,0,1.130391899,2.137418314,1.094168204
headless_screws_0042.stl_128.binvox,2,0,1.130391899,2.137418314,1.094168204
headless_screws_0043.stl_128.binvox,2,2,-1.386306193,-1.231721091,-1.416128421
headless_screws_0044.stl_128.binvox,2,0,-0.96412927,-0.240080542,-0.600131279
headless_screws_0045.stl_128.binvox,2,0,-0.96412927,-0.240080542,-0.600131279
headless_screws_0046.stl_128.binvox,2,0,0.770396073,1.304277689,1.043922075
headless_screws_0047.stl_128.binvox,2,0,1.051192817,0.601188284,0.842937557
headless_screws_0048.stl_128.binvox,2,0,0.93075785,-0.126285725,0.008851809
headless_screws_0049.stl_128.binvox,2,2,-1.386306193,-1.231721091,-1.416128421
headless_screws_0050.stl_128.binvox,2,0,0.685306151,0.572739579,1.204709689
headless_screws_0051.stl_128.binvox,2,0,1.038756598,-0.463606076,-0.053453391
headless_screws_0052.stl_128.binvox,2,0,1.051192817,0.601188284,0.842937557
headless_screws_0053.stl_128.binvox,2,0,0.770396073,1.019790646,0.983626719
headless_screws_0054.stl_128.binvox,2,0,-0.371772502,-0.101901122,1.576531046
headless_screws_0055.stl_128.binvox,2,0,0.685306151,0.572739579,1.204709689
headless_screws_0056.stl_128.binvox,2,0,-0.371772502,-0.101901122,1.576531046
headless_screws_0057.stl_128.binvox,2,0,0.770396073,1.304277689,1.043922075
headless_screws_0058.stl_128.binvox,2,0,0.770396073,1.304277689,1.043922075
headless_screws_0059.stl_128.binvox,2,0,1.051192817,0.601188284,0.842937557
headless_screws_0060.stl_128.binvox,2,2,-1.471396116,-1.193924955,-1.327695233
headless_screws_0061.stl_128.binvox,2,0,0.93075785,-0.126285725,0.008851809
headless_screws_0062.stl_128.binvox,2,0,0.770396073,0.552419076,1.043922075
headless_screws_0063.stl_128.binvox,2,0,0.770396073,1.019790646,0.983626719
headless_screws_0064.stl_128.binvox,2,0,0.93075785,-0.126285725,0.008851809
headless_screws_0065.stl_128.binvox,2,0,-0.96412927,-0.240080542,-0.600131279
headless_screws_0066.stl_128.binvox,2,0,1.130391899,2.137418314,1.094168204
headless_screws_0067.stl_128.binvox,2,0,0.685306151,0.572739579,1.204709689
headless_screws_0068.stl_128.binvox,2,0,1.051192817,0.601188284,0.842937557
headless_screws_0069.stl_128.binvox,2,0,0.93075785,-0.126285725,0.008851809
headless_screws_0070.stl_128.binvox,2,0,1.051192817,0.601188284,0.842937557
headless_screws_0071.stl_128.binvox,2,2,-1.386306193,-1.231721091,-1.416128421
headless_screws_0072.stl_128.binvox,2,2,-1.386306193,-1.231721091,-1.416128421
headless_screws_0073.stl_128.binvox,2,0,1.038756598,-0.463606076,-0.053453391
headless_screws_0074.stl_128.binvox,2,0,-0.371772502,-0.101901122,1.576531046
headless_screws_0075.stl_128.binvox,2,0,0.93075785,-0.126285725,0.008851809
headless_screws_0076.stl_128.binvox,2,2,-1.471396116,-1.193924955,-1.327695233
headless_screws_0077.stl_128.binvox,2,0,0.770396073,0.552419076,1.043922075
headless_screws_0078.stl_128.binvox,2,0,0.770396073,1.019790646,0.983626719
headless_screws_0079.stl_128.binvox,2,0,0.93075785,-0.126285725,0.008851809
headless_screws_0080.stl_128.binvox,2,0,-0.96412927,-0.240080542,-0.600131279
headless_screws_0081.stl_128.binvox,2,0,0.770396073,1.304277689,1.043922075
headless_screws_0082.stl_128.binvox,2,0,0.770396073,1.019790646,0.983626719
headless_screws_0083.stl_128.binvox,2,0,-0.371772502,-0.101901122,1.576531046
headless_screws_0084.stl_128.binvox,2,0,0.770396073,0.552419076,1.043922075
headless_screws_0085.stl_128.binvox,2,0,1.051192817,0.601188284,0.842937557
headless_screws_0086.stl_128.binvox,2,0,0.770396073,0.552419076,1.043922075
headless_screws_0087.stl_128.binvox,2,0,1.051192817,0.601188284,0.842937557
headless_screws_0088.stl_128.binvox,2,2,-1.392851572,-1.402819726,-1.540738821
headless_screws_0089.stl_128.binvox,2,0,0.93075785,-0.126285725,0.008851809
headless_screws_0090.stl_128.binvox,2,2,-1.386306193,-1.231721091,-1.416128421
headless_screws_0091.stl_128.binvox,2,0,0.770396073,1.304277689,1.043922075
headless_screws_0092.stl_128.binvox,2,0,0.685306151,0.572739579,1.204709689
headless_screws_0093.stl_128.binvox,2,0,-0.96412927,-0.240080542,-0.600131279
headless_screws_0094.stl_128.binvox,2,0,1.051192817,0.601188284,0.842937557
headless_screws_0095.stl_128.binvox,2,2,-1.386306193,-1.231721091,-1.416128421
headless_screws_0096.stl_128.binvox,2,0,1.051192817,0.601188284,0.842937557
headless_screws_0097.stl_128.binvox,2,0,-0.96412927,-0.240080542,-0.600131279
headless_screws_0098.stl_128.binvox,2,0,0.770396073,1.304277689,1.043922075
headless_screws_0099.stl_128.binvox,2,0,1.051192817,0.601188284,0.842937557
headless_screws_0100.stl_128.binvox,2,0,-0.96412927,-0.240080542,-0.600131279
headless_screws_0101.stl_128.binvox,2,2,-1.392851572,-1.402819726,-1.540738821
headless_screws_0102.stl_128.binvox,2,0,1.038756598,-0.463606076,-0.053453391
headless_screws_0103.stl_128.binvox,2,2,-1.392851572,-1.402819726,-1.540738821
headless_screws_0104.stl_128.binvox,2,0,1.051192817,0.601188284,0.842937557
headless_screws_0105.stl_128.binvox,2,0,0.770396073,1.019790646,0.983626719
headless_screws_0106.stl_128.binvox,2,0,1.051192817,0.601188284,0.842937557
headless_screws_0107.stl_128.binvox,2,0,0.685306151,0.572739579,1.204709689
headless_screws_0108.stl_128.binvox,2,2,-1.137581804,-1.395910755,-1.104602418
headless_screws_0109.stl_128.binvox,2,0,0.770396073,1.304277689,1.043922075
headless_screws_0110.stl_128.binvox,2,0,0.93075785,-0.126285725,0.008851809
headless_screws_0111.stl_128.binvox,2,0,0.93075785,-0.126285725,0.008851809
headless_screws_0112.stl_128.binvox,2,0,1.038756598,-0.463606076,-0.053453391
headless_screws_0113.stl_128.binvox,2,0,0.770396073,1.304277689,1.043922075
headless_screws_0114.stl_128.binvox,2,0,-0.96412927,-0.240080542,-0.600131279
headless_screws_0115.stl_128.binvox,2,0,1.038756598,-0.463606076,-0.053453391
headless_screws_0116.stl_128.binvox,2,0,-0.96412927,-0.240080542,-0.600131279
headless_screws_0117.stl_128.binvox,2,0,-0.371772502,-0.101901122,1.576531046
headless_screws_0118.stl_128.binvox,2,0,0.685306151,0.572739579,1.204709689
headless_screws_0119.stl_128.binvox,2,0,1.051192817,0.601188284,0.842937557
headless_screws_0120.stl_128.binvox,2,2,-1.471396116,-1.193924955,-1.327695233
headless_screws_0121.stl_128.binvox,2,2,-1.392851572,-1.402819726,-1.540738821
headless_screws_0122.stl_128.binvox,2,0,0.685306151,0.572739579,1.204709689
headless_screws_0123.stl_128.binvox,2,0,0.93075785,-0.126285725,0.008851809
headless_screws_0124.stl_128.binvox,2,0,-0.371772502,-0.101901122,1.576531046
headless_screws_0125.stl_128.binvox,2,0,1.130391899,2.137418314,1.094168204
headless_screws_0126.stl_128.binvox,2,0,1.130391899,2.137418314,1.094168204
headless_screws_0127.stl_128.binvox,2,0,0.770396073,1.304277689,1.043922075
headless_screws_0128.stl_128.binvox,2,0,0.685306151,0.572739579,1.204709689
headless_screws_0129.stl_128.binvox,2,2,-1.392851572,-1.402819726,-1.540738821
headless_screws_0130.stl_128.binvox,2,0,0.770396073,1.304277689,1.043922075
headless_screws_0131.stl_128.binvox,2,0,0.770396073,1.019790646,0.983626719
headless_screws_0132.stl_128.binvox,2,0,0.685306151,0.572739579,1.204709689
headless_screws_0133.stl_128.binvox,2,0,0.685306151,0.572739579,1.204709689
headless_screws_0134.stl_128.binvox,2,0,-0.96412927,-0.240080542,-0.600131279
headless_screws_0135.stl_128.binvox,2,0,-0.96412927,-0.240080542,-0.600131279
headless_screws_0136.stl_128.binvox,2,2,-1.471396116,-1.193924955,-1.327695233
headless_screws_0137.stl_128.binvox,2,0,1.051192817,0.601188284,0.842937557
headless_screws_0138.stl_128.binvox,2,0,0.685306151,0.572739579,1.204709689
headless_screws_0139.stl_128.binvox,2,0,-0.96412927,-0.240080542,-0.600131279
headless_screws_0140.stl_128.binvox,2,0,-0.371772502,-0.101901122,1.576531046
headless_screws_0141.stl_128.binvox,2,0,0.770396073,1.304277689,1.043922075
headless_screws_0142.stl_128.binvox,2,2,-1.137581804,-1.395910755,-1.104602418
headless_screws_0143.stl_128.binvox,2,0,0.770396073,0.552419076,1.043922075
headless_screws_0144.stl_128.binvox,2,0,0.770396073,1.019790646,0.983626719
headless_screws_0145.stl_128.binvox,2,0,0.93075785,-0.126285725,0.008851809
headless_screws_0146.stl_128.binvox,2,0,0.93075785,-0.126285725,0.008851809
headless_screws_0147.stl_128.binvox,2,0,0.770396073,1.304277689,1.043922075
headless_screws_0148.stl_128.binvox,2,0,1.130391899,2.137418314,1.094168204
headless_screws_0149.stl_128.binvox,2,2,-1.386306193,-1.231721091,-1.416128421
headless_screws_0150.stl_128.binvox,2,0,0.685306151,0.572739579,1.204709689
headless_screws_0151.stl_128.binvox,2,2,-1.392851572,-1.402819726,-1.540738821
headless_screws_0152.stl_128.binvox,2,2,-1.392851572,-1.402819726,-1.540738821
headless_screws_0153.stl_128.binvox,2,0,0.685306151,0.572739579,1.204709689
machine_key_0000.stl_128.binvox,3,1,0.727851112,0.288252537,0.652002265
machine_key_0001.stl_128.binvox,3,1,0.721305733,1.040111149,0.652002265
machine_key_0002.stl_128.binvox,3,1,0.721305733,1.040111149,0.652002265
machine_key_0003.stl_128.binvox,3,1,0.721305733,1.040111149,0.652002265
machine_key_0004.stl_128.binvox,3,1,0.727851112,0.288252537,0.652002265
machine_key_0005.stl_128.binvox,3,1,0.721305733,1.040111149,0.652002265
machine_key_0006.stl_128.binvox,3,1,0.721305733,1.040111149,0.652002265
machine_key_0007.stl_128.binvox,3,1,0.721305733,1.040111149,0.652002265
machine_key_0008.stl_128.binvox,3,1,0.721305733,1.040111149,0.652002265
machine_key_0009.stl_128.binvox,3,1,0.727851112,0.288252537,0.652002265
machine_key_0010.stl_128.binvox,3,1,0.721305733,1.040111149,0.652002265
machine_key_0011.stl_128.binvox,3,1,0.721305733,1.040111149,0.652002265
machine_key_0012.stl_128.binvox,3,1,0.721305733,1.040111149,0.652002265
machine_key_0013.stl_128.binvox,3,1,0.721305733,1.040111149,0.652002265
machine_key_0014.stl_128.binvox,3,1,0.727851112,0.288252537,0.652002265
machine_key_0015.stl_128.binvox,3,1,0.727851112,0.288252537,0.652002265
machine_key_0016.stl_128.binvox,3,1,0.727851112,0.288252537,0.652002265
machine_key_0017.stl_128.binvox,3,1,0.727851112,0.288252537,0.652002265
machine_key_0018.stl_128.binvox,3,1,0.727851112,0.288252537,0.652002265
machine_key_0019.stl_128.binvox,3,1,0.727851112,0.288252537,0.652002265
machine_key_0020.stl_128.binvox,3,1,0.721305733,1.040111149,0.652002265
machine_key_0021.stl_128.binvox,3,1,0.727851112,0.288252537,0.652002265
machine_key_0022.stl_128.binvox,3,1,0.727851112,0.288252537,0.652002265
machine_key_0023.stl_128.binvox,3,1,0.721305733,1.040111149,0.652002265
machine_key_0024.stl_128.binvox,3,1,0.721305733,1.040111149,0.652002265
machine_key_0025.stl_128.binvox,3,1,0.721305733,1.040111149,0.652002265
machine_key_0026.stl_128.binvox,3,1,0.727851112,0.288252537,0.652002265
machine_key_0027.stl_128.binvox,3,1,0.727851112,0.288252537,0.652002265
machine_key_0028.stl_128.binvox,3,1,0.727851112,0.288252537,0.652002265
machine_key_0029.stl_128.binvox,3,1,0.721305733,1.040111149,0.652002265
machine_key_0030.stl_128.binvox,3,1,0.721305733,1.040111149,0.652002265
machine_key_0031.stl_128.binvox,3,1,0.727851112,0.288252537,0.652002265
machine_key_0032.stl_128.binvox,3,1,0.721305733,1.040111149,0.652002265
machine_key_0033.stl_128.binvox,3,1,0.727851112,0.288252537,0.652002265
machine_key_0034.stl_128.binvox,3,1,0.727851112,0.288252537,0.652002265
machine_key_0035.stl_128.binvox,3,1,0.727851112,0.288252537,0.652002265
machine_key_0036.stl_128.binvox,3,1,0.727851112,0.288252537,0.652002265
machine_key_0037.stl_128.binvox,3,1,0.721305733,1.040111149,0.652002265
machine_key_0038.stl_128.binvox,3,1,0.727851112,0.288252537,0.652002265
machine_key_0039.stl_128.binvox,3,1,0.727851112,0.288252537,0.652002265
machine_key_0040.stl_128.binvox,3,1,0.721305733,1.040111149,0.652002265
machine_key_0041.stl_128.binvox,3,1,0.727851112,0.288252537,0.652002265
machine_key_0042.stl_128.binvox,3,1,0.721305733,1.040111149,0.652002265
machine_key_0043.stl_128.binvox,3,1,0.721305733,1.040111149,0.652002265
machine_key_0044.stl_128.binvox,3,1,0.727851112,0.288252537,0.652002265
machine_key_0045.stl_128.binvox,3,1,0.727851112,0.288252537,0.652002265
machine_key_0046.stl_128.binvox,3,1,0.721305733,1.040111149,0.652002265
machine_key_0047.stl_128.binvox,3,1,0.721305733,1.040111149,0.652002265
machine_key_0048.stl_128.binvox,3,1,0.727851112,0.288252537,0.652002265
machine_key_0049.stl_128.binvox,3,1,0.721305733,1.040111149,0.652002265
machine_key_0050.stl_128.binvox,3,1,0.721305733,1.040111149,0.652002265
machine_key_0051.stl_128.binvox,3,1,0.721305733,1.040111149,0.652002265
machine_key_0052.stl_128.binvox,3,1,0.727851112,0.288252537,0.652002265
machine_key_0053.stl_128.binvox,3,1,0.727851112,0.288252537,0.652002265
machine_key_0054.stl_128.binvox,3,1,0.721305733,1.040111149,0.652002265
machine_key_0055.stl_128.binvox,3,1,0.721305733,1.040111149,0.652002265
machine_key_0056.stl_128.binvox,3,1,0.727851112,0.288252537,0.652002265
machine_key_0057.stl_128.binvox,3,1,0.721305733,1.040111149,0.652002265
machine_key_0058.stl_128.binvox,3,1,0.721305733,1.040111149,0.652002265
machine_key_0059.stl_128.binvox,3,1,0.721305733,1.040111149,0.652002265
machine_key_0060.stl_128.binvox,3,1,0.727851112,0.288252537,0.652002265
machine_key_0061.stl_128.binvox,3,1,0.727851112,0.288252537,0.652002265
machine_key_0062.stl_128.binvox,3,1,0.727851112,0.288252537,0.652002265
machine_key_0063.stl_128.binvox,3,1,0.727851112,0.288252537,0.652002265
machine_key_0064.stl_128.binvox,3,1,0.727851112,0.288252537,0.652002265
machine_key_0065.stl_128.binvox,3,1,0.727851112,0.288252537,0.652002265
machine_key_0066.stl_128.binvox,3,1,0.721305733,1.040111149,0.652002265
machine_key_0067.stl_128.binvox,3,1,0.721305733,1.040111149,0.652002265
machine_key_0068.stl_128.binvox,3,1,0.727851112,0.288252537,0.652002265
machine_key_0069.stl_128.binvox,3,1,0.727851112,0.288252537,0.652002265
machine_key_0070.stl_128.binvox,3,1,0.727851112,0.288252537,0.652002265
machine_key_0071.stl_128.binvox,3,1,0.727851112,0.288252537,0.652002265
machine_key_0072.stl_128.binvox,3,1,0.727851112,0.288252537,0.652002265
machine_key_0073.stl_128.binvox,3,1,0.727851112,0.288252537,0.652002265
machine_key_0074.stl_128.binvox,3,1,0.721305733,1.040111149,0.652002265
machine_key_0075.stl_128.binvox,3,1,0.727851112,0.288252537,0.652002265
machine_key_0076.stl_128.binvox,3,1,0.727851112,0.288252537,0.652002265
machine_key_0077.stl_128.binvox,3,1,0.721305733,1.040111149,0.652002265
miter_gears_0000.stl_128.binvox,4,2,-1.471396116,-1.193924955,-1.327695233
miter_gears_0001.stl_128.binvox,4,1,0.721305733,1.040111149,0.652002265
miter_gears_0002.stl_128.binvox,4,1,0.721305733,0.430496058,0.652002265
miter_gears_0003.stl_128.binvox,4,1,0.721305733,1.040111149,0.652002265
miter_gears_0004.stl_128.binvox,4,1,0.721305733,1.527803222,0.652002265
miter_gears_0005.stl_128.binvox,4,1,0.721305733,0.430496058,0.652002265
miter_gears_0006.stl_128.binvox,4,1,0.721305733,0.430496058,0.652002265
miter_gears_0007.stl_128.binvox,4,2,-1.471396116,-1.193924955,-1.327695233
miter_gears_0008.stl_128.binvox,4,1,0.770396073,1.304277689,1.043922075
miter_gears_0009.stl_128.binvox,4,1,0.721305733,1.527803222,0.652002265
miter_gears_0010.stl_128.binvox,4,2,-1.386306193,-1.231721091,-1.416128421
miter_gears_0011.stl_128.binvox,4,1,0.721305733,0.430496058,0.652002265
miter_gears_0012.stl_128.binvox,4,2,-1.386306193,-1.231721091,-1.416128421
miter_gears_0013.stl_128.binvox,4,2,-1.471396116,-1.193924955,-1.327695233
miter_gears_0014.stl_128.binvox,4,1,0.770396073,1.304277689,1.043922075
rectangular_gear_rack_0001.stl_128.binvox,5,1,0.727851112,0.288252537,0.652002265
rectangular_gear_rack_0002.stl_128.binvox,5,1,0.770396073,0.552419076,1.043922075
rectangular_gear_rack_0003.stl_128.binvox,5,1,0.721305733,1.162034168,1.076079597
rectangular_gear_rack_0004.stl_128.binvox,5,1,0.770396073,0.552419076,1.043922075
rectangular_gear_rack_0005.stl_128.binvox,5,1,0.704942287,3.860596972,1.204709689
rectangular_gear_rack_0006.stl_128.binvox,5,1,0.93075785,-0.126285725,0.008851809
rectangular_gear_rack_0007.stl_128.binvox,5,1,0.770396073,0.552419076,1.043922075
rectangular_gear_rack_0008.stl_128.binvox,5,2,-1.471396116,-1.193924955,-1.327695233
rectangular_gear_rack_0010.stl_128.binvox,5,2,-1.386306193,-1.231721091,-1.416128421
rectangular_gear_rack_0011.stl_128.binvox,5,1,0.721305733,1.040111149,0.652002265
rectangular_gear_rack_0012.stl_128.binvox,5,2,-1.471396116,-1.193924955,-1.327695233
rectangular_gear_rack_0013.stl_128.binvox,5,1,0.727851112,0.288252537,0.652002265
rectangular_gear_rack_0015.stl_128.binvox,5,2,-1.386306193,-1.231721091,-1.416128421
rectangular_gear_rack_0016.stl_128.binvox,5,1,0.721305733,1.162034168,1.076079597
rectangular_gear_rack_0017.stl_128.binvox,5,1,0.93075785,-0.126285725,0.008851809
rectangular_gear_rack_0019.stl_128.binvox,5,1,0.727851112,0.288252537,0.652002265
rectangular_gear_rack_0020.stl_128.binvox,5,1,0.721305733,1.040111149,0.652002265
rectangular_gear_rack_0021.stl_128.binvox,5,1,0.704942287,3.860596972,1.204709689
rectangular_gear_rack_0022.stl_128.binvox,5,1,0.704942287,3.860596972,1.204709689
rotary_shaft_0000.stl_128.binvox,6,0,0.721305733,1.162034168,1.076079597
rotary_shaft_0001.stl_128.binvox,6,0,-0.937947756,-0.744029018,-0.760918893
rotary_shaft_0002.stl_128.binvox,6,0,0.770396073,1.019790646,0.983626719
rotary_shaft_0003.stl_128.binvox,6,0,0.770396073,1.019790646,0.983626719
rotary_shaft_0004.stl_128.binvox,6,0,0.770396073,0.552419076,1.043922075
rotary_shaft_0005.stl_128.binvox,6,0,0.770396073,1.304277689,1.043922075
rotary_shaft_0006.stl_128.binvox,6,0,0.721305733,1.162034168,1.076079597
rotary_shaft_0007.stl_128.binvox,6,0,0.770396073,1.019790646,0.983626719
rotary_shaft_0008.stl_128.binvox,6,0,0.770396073,0.552419076,1.043922075
rotary_shaft_0009.stl_128.binvox,6,0,0.770396073,0.552419076,1.043922075
rotary_shaft_0010.stl_128.binvox,6,0,0.770396073,1.304277689,1.043922075
rotary_shaft_0011.stl_128.binvox,6,0,-0.937947756,-0.744029018,-0.760918893
rotary_shaft_0012.stl_128.binvox,6,0,0.770396073,1.019790646,0.983626719
rotary_shaft_0013.stl_128.binvox,6,0,0.770396073,0.552419076,1.043922075
rotary_shaft_0014.stl_128.binvox,6,0,-0.937947756,-0.744029018,-0.760918893
rotary_shaft_0015.stl_128.binvox,6,0,0.770396073,1.019790646,0.983626719
rotary_shaft_0016.stl_128.binvox,6,0,0.721305733,1.040111149,0.652002265
rotary_shaft_0017.stl_128.binvox,6,0,0.770396073,1.304277689,1.043922075
rotary_shaft_0018.stl_128.binvox,6,0,0.770396073,1.304277689,1.043922075
rotary_shaft_0019.stl_128.binvox,6,0,0.721305733,1.040111149,0.652002265
rotary_shaft_0020.stl_128.binvox,6,0,-0.937947756,-0.744029018,-0.760918893
rotary_shaft_0021.stl_128.binvox,6,0,0.770396073,1.304277689,1.043922075
rotary_shaft_0022.stl_128.binvox,6,0,0.721305733,1.040111149,0.652002265
rotary_shaft_0023.stl_128.binvox,6,0,-0.937947756,-0.744029018,-0.760918893
rotary_shaft_0024.stl_128.binvox,6,0,0.721305733,1.040111149,0.652002265
rotary_shaft_0025.stl_128.binvox,6,0,0.770396073,0.552419076,1.043922075
rotary_shaft_0026.stl_128.binvox,6,0,0.770396073,0.552419076,1.043922075
rotary_shaft_0027.stl_128.binvox,6,0,0.770396073,0.552419076,1.043922075
rotary_shaft_0028.stl_128.binvox,6,0,0.770396073,1.304277689,1.043922075
rotary_shaft_0029.stl_128.binvox,6,0,0.770396073,1.304277689,1.043922075
rotary_shaft_0030.stl_128.binvox,6,0,0.721305733,1.040111149,0.652002265
rotary_shaft_0031.stl_128.binvox,6,0,0.770396073,1.019790646,0.983626719
rotary_shaft_0032.stl_128.binvox,6,0,0.770396073,1.019790646,0.983626719
rotary_shaft_0033.stl_128.binvox,6,0,0.770396073,0.552419076,1.043922075
rotary_shaft_0034.stl_128.binvox,6,0,0.770396073,1.304277689,1.043922075
rotary_shaft_0035.stl_128.binvox,6,0,0.770396073,1.304277689,1.043922075
rotary_shaft_0036.stl_128.binvox,6,0,-0.937947756,-0.744029018,-0.760918893
rotary_shaft_0037.stl_128.binvox,6,0,0.770396073,0.552419076,1.043922075
rotary_shaft_0038.stl_128.binvox,6,0,-0.937947756,-0.744029018,-0.760918893
rotary_shaft_0039.stl_128.binvox,6,0,0.721305733,1.162034168,1.076079597
rotary_shaft_0040.stl_128.binvox,6,0,0.770396073,1.304277689,1.043922075
rotary_shaft_0041.stl_128.binvox,6,0,0.721305733,1.040111149,0.652002265
rotary_shaft_0042.stl_128.binvox,6,0,0.770396073,0.552419076,1.043922075
rotary_shaft_0043.stl_128.binvox,6,0,0.770396073,1.304277689,1.043922075
rotary_shaft_0044.stl_128.binvox,6,0,0.770396073,1.019790646,0.983626719
rotary_shaft_0045.stl_128.binvox,6,0,-0.937947756,-0.744029018,-0.760918893
rotary_shaft_0046.stl_128.binvox,6,0,-0.937947756,-0.744029018,-0.760918893
rotary_shaft_0047.stl_128.binvox,6,0,0.721305733,1.040111149,0.652002265
rotary_shaft_0048.stl_128.binvox,6,0,0.721305733,1.040111149,0.652002265
rotary_shaft_0049.stl_128.binvox,6,0,-0.937947756,-0.744029018,-0.760918893
rotary_shaft_0050.stl_128.binvox,6,0,0.721305733,1.162034168,1.076079597
rotary_shaft_0051.stl_128.binvox,6,0,0.770396073,1.304277689,1.043922075
rotary_shaft_0052.stl_128.binvox,6,0,0.770396073,1.304277689,1.043922075
rotary_shaft_0053.stl_128.binvox,6,0,0.770396073,1.019790646,0.983626719
rotary_shaft_0054.stl_128.binvox,6,0,0.770396073,1.304277689,1.043922075
rotary_shaft_0055.stl_128.binvox,6,0,0.770396073,1.304277689,1.043922075
rotary_shaft_0056.stl_128.binvox,6,0,0.721305733,1.162034168,1.076079597
rotary_shaft_0057.stl_128.binvox,6,0,0.770396073,0.552419076,1.043922075
rotary_shaft_0058.stl_128.binvox,6,0,-0.937947756,-0.744029018,-0.760918893
rotary_shaft_0059.stl_128.binvox,6,0,0.770396073,1.304277689,1.043922075
rotary_shaft_0060.stl_128.binvox,6,0,0.770396073,1.304277689,1.043922075
rotary_shaft_0061.stl_128.binvox,6,0,0.770396073,1.304277689,1.043922075
rotary_shaft_0062.stl_128.binvox,6,0,0.770396073,0.552419076,1.043922075
rotary_shaft_0064.stl_128.binvox,6,0,0.721305733,1.162034168,1.076079597
rotary_shaft_0065.stl_128.binvox,6,0,0.721305733,1.162034168,1.076079597
rotary_shaft_0066.stl_128.binvox,6,0,0.770396073,1.019790646,0.983626719
rotary_shaft_0067.stl_128.binvox,6,0,0.721305733,1.040111149,0.652002265
rotary_shaft_0068.stl_128.binvox,6,0,0.721305733,1.162034168,1.076079597
rotary_shaft_0069.stl_128.binvox,6,0,0.770396073,1.019790646,0.983626719
rotary_shaft_0070.stl_128.binvox,6,0,0.721305733,1.162034168,1.076079597
rotary_shaft_0071.stl_128.binvox,6,0,0.721305733,1.040111149,0.652002265
rotary_shaft_0072.stl_128.binvox,6,0,0.721305733,1.040111149,0.652002265
rotary_shaft_0073.stl_128.binvox,6,0,0.721305733,1.040111149,0.652002265
rotary_shaft_0074.stl_128.binvox,6,0,0.721305733,1.162034168,1.076079597
rotary_shaft_0075.stl_128.binvox,6,0,-0.937947756,-0.744029018,-0.760918893
rotary_shaft_0077.stl_128.binvox,6,0,0.770396073,1.304277689,1.043922075
rotary_shaft_0078.stl_128.binvox,6,0,0.770396073,1.304277689,1.043922075
rotary_shaft_0079.stl_128.binvox,6,0,-0.937947756,-0.744029018,-0.760918893
rotary_shaft_0080.stl_128.binvox,6,0,0.770396073,0.552419076,1.043922075
rotary_shaft_0081.stl_128.binvox,6,0,-0.937947756,-0.744029018,-0.760918893
rotary_shaft_0082.stl_128.binvox,6,0,0.721305733,1.162034168,1.076079597
rotary_shaft_0083.stl_128.binvox,6,0,0.721305733,1.040111149,0.652002265
rotary_shaft_0084.stl_128.binvox,6,0,0.721305733,1.162034168,1.076079597
rotary_shaft_0085.stl_128.binvox,6,0,0.770396073,1.019790646,0.983626719
rotary_shaft_0086.stl_128.binvox,6,0,-0.937947756,-0.744029018,-0.760918893
rotary_shaft_0087.stl_128.binvox,6,0,0.770396073,0.552419076,1.043922075
rotary_shaft_0088.stl_128.binvox,6,0,0.721305733,1.162034168,1.076079597
rotary_shaft_0089.stl_128.binvox,6,0,0.721305733,1.162034168,1.076079597
rotary_shaft_0090.stl_128.binvox,6,0,0.721305733,1.162034168,1.076079597
rotary_shaft_0092.stl_128.binvox,6,0,-0.937947756,-0.744029018,-0.760918893
rotary_shaft_0093.stl_128.binvox,6,0,0.721305733,1.040111149,0.652002265
rotary_shaft_0095.stl_128.binvox,6,0,0.770396073,1.304277689,1.043922075
rotary_shaft_0097.stl_128.binvox,6,0,-0.937947756,-0.744029018,-0.760918893
rotary_shaft_0098.stl_128.binvox,6,0,0.770396073,0.552419076,1.043922075
rotary_shaft_0099.stl_128.binvox,6,0,-0.937947756,-0.744029018,-0.760918893
rotary_shaft_0100.stl_128.binvox,6,0,0.721305733,1.040111149,0.652002265
rotary_shaft_0101.stl_128.binvox,6,0,0.721305733,1.162034168,1.076079597
rotary_shaft_0102.stl_128.binvox,6,0,0.770396073,1.304277689,1.043922075
rotary_shaft_0103.stl_128.binvox,6,0,-0.937947756,-0.744029018,-0.760918893
rotary_shaft_0104.stl_128.binvox,6,0,0.770396073,0.552419076,1.043922075
rotary_shaft_0105.stl_128.binvox,6,0,0.770396073,0.552419076,1.043922075
rotary_shaft_0106.stl_128.binvox,6,0,0.770396073,0.552419076,1.043922075
rotary_shaft_0107.stl_128.binvox,6,0,0.770396073,1.304277689,1.043922075
rotary_shaft_0108.stl_128.binvox,6,0,0.770396073,1.019790646,0.983626719
rotary_shaft_0109.stl_128.binvox,6,0,0.770396073,1.019790646,0.983626719
rotary_shaft_0110.stl_128.binvox,6,0,0.721305733,1.040111149,0.652002265
rotary_shaft_0111.stl_128.binvox,6,0,-0.937947756,-0.744029018,-0.760918893
rotary_shaft_0112.stl_128.binvox,6,0,0.770396073,1.304277689,1.043922075
rotary_shaft_0113.stl_128.binvox,6,0,-0.937947756,-0.744029018,-0.760918893
rotary_shaft_0114.stl_128.binvox,6,0,-0.937947756,-0.744029018,-0.760918893
rotary_shaft_0115.stl_128.binvox,6,0,0.770396073,0.552419076,1.043922075
rotary_shaft_0116.stl_128.binvox,6,0,0.770396073,0.552419076,1.043922075
rotary_shaft_0119.stl_128.binvox,6,0,0.721305733,1.162034168,1.076079597
rotary_shaft_0120.stl_128.binvox,6,0,0.770396073,0.552419076,1.043922075
rotary_shaft_0121.stl_128.binvox,6,0,0.721305733,1.162034168,1.076079597
rotary_shaft_0122.stl_128.binvox,6,0,0.721305733,1.162034168,1.076079597
rotary_shaft_0123.stl_128.binvox,6,0,0.721305733,1.040111149,0.652002265
rotary_shaft_0124.stl_128.binvox,6,0,-0.937947756,-0.744029018,-0.760918893
rotary_shaft_0125.stl_128.binvox,6,0,0.721305733,1.162034168,1.076079597
rotary_shaft_0126.stl_128.binvox,6,0,0.770396073,1.304277689,1.043922075
rotary_shaft_0127.stl_128.binvox,6,0,0.721305733,1.040111149,0.652002265
rotary_shaft_0128.stl_128.binvox,6,0,0.770396073,0.552419076,1.043922075
rotary_shaft_0129.stl_128.binvox,6,0,0.770396073,1.304277689,1.043922075
rotary_shaft_0130.stl_128.binvox,6,0,-0.937947756,-0.744029018,-0.760918893
rotary_shaft_0131.stl_128.binvox,6,0,0.721305733,1.040111149,0.652002265
rotary_shaft_0132.stl_128.binvox,6,0,-0.937947756,-0.744029018,-0.760918893
rotary_shaft_0133.stl_128.binvox,6,0,0.770396073,1.019790646,0.983626719
rotary_shaft_0134.stl_128.binvox,6,0,0.721305733,1.040111149,0.652002265
rotary_shaft_0135.stl_128.binvox,6,0,0.770396073,1.019790646,0.983626719
rotary_shaft_0136.stl_128.binvox,6,0,0.770396073,0.552419076,1.043922075
rotary_shaft_0137.stl_128.binvox,6,0,0.770396073,1.304277689,1.043922075
rotary_shaft_0138.stl_128.binvox,6,0,0.770396073,0.552419076,1.043922075
rotary_shaft_0139.stl_128.binvox,6,0,0.770396073,1.019790646,0.983626719
rotary_shaft_0140.stl_128.binvox,6,0,-0.937947756,-0.744029018,-0.760918893
rotary_shaft_0141.stl_128.binvox,6,0,0.721305733,1.040111149,0.652002265
rotary_shaft_0142.stl_128.binvox,6,0,0.721305733,1.040111149,0.652002265
rotary_shaft_0143.stl_128.binvox,6,0,-0.937947756,-0.744029018,-0.760918893
rotary_shaft_0144.stl_128.binvox,6,0,0.770396073,0.552419076,1.043922075
rotary_shaft_0145.stl_128.binvox,6,0,0.721305733,1.162034168,1.076079597
rotary_shaft_0146.stl_128.binvox,6,0,0.770396073,1.019790646,0.983626719
rotary_shaft_0147.stl_128.binvox,6,0,-0.937947756,-0.744029018,-0.760918893
rotary_shaft_0148.stl_128.binvox,6,0,0.770396073,1.304277689,1.043922075
rotary_shaft_0149.stl_128.binvox,6,0,0.721305733,1.040111149,0.652002265
rotary_shaft_0150.stl_128.binvox,6,0,0.770396073,1.304277689,1.043922075
rotary_shaft_0151.stl_128.binvox,6,0,-0.937947756,-0.744029018,-0.760918893
rotary_shaft_0152.stl_128.binvox,6,0,0.770396073,1.304277689,1.043922075
rotary_shaft_0153.stl_128.binvox,6,0,0.721305733,1.040111149,0.652002265
rotary_shaft_0154.stl_128.binvox,6,0,0.721305733,1.162034168,1.076079597
rotary_shaft_0155.stl_128.binvox,6,0,0.721305733,1.040111149,0.652002265
rotary_shaft_0156.stl_128.binvox,6,0,0.770396073,1.304277689,1.043922075
rotary_shaft_0157.stl_128.binvox,6,0,-0.937947756,-0.744029018,-0.760918893
rotary_shaft_0158.stl_128.binvox,6,0,0.770396073,0.552419076,1.043922075
rotary_shaft_0159.stl_128.binvox,6,0,0.770396073,1.304277689,1.043922075
rotary_shaft_0160.stl_128.binvox,6,0,0.721305733,1.040111149,0.652002265
rotary_shaft_0161.stl_128.binvox,6,0,-0.937947756,-0.744029018,-0.760918893
rotary_shaft_0162.stl_128.binvox,6,0,0.770396073,1.304277689,1.043922075
rotary_shaft_0163.stl_128.binvox,6,0,-0.937947756,-0.744029018,-0.760918893
rotary_shaft_0165.stl_128.binvox,6,0,0.721305733,1.040111149,0.652002265
rotary_shaft_0166.stl_128.binvox,6,0,0.721305733,1.040111149,0.652002265
rotary_shaft_0167.stl_128.binvox,6,0,0.721305733,1.162034168,1.076079597
rotary_shaft_0168.stl_128.binvox,6,0,0.721305733,1.162034168,1.076079597
rotary_shaft_0169.stl_128.binvox,6,0,0.721305733,1.162034168,1.076079597
rotary_shaft_0170.stl_128.binvox,6,0,0.721305733,1.040111149,0.652002265
rotary_shaft_0171.stl_128.binvox,6,0,0.770396073,1.304277689,1.043922075
rotary_shaft_0172.stl_128.binvox,6,0,0.721305733,1.040111149,0.652002265
rotary_shaft_0173.stl_128.binvox,6,0,0.770396073,0.552419076,1.043922075
rotary_shaft_0174.stl_128.binvox,6,0,0.770396073,1.304277689,1.043922075
rotary_shaft_0175.stl_128.binvox,6,0,0.721305733,1.162034168,1.076079597
rotary_shaft_0176.stl_128.binvox,6,0,0.721305733,1.162034168,1.076079597
rotary_shaft_0177.stl_128.binvox,6,0,0.770396073,1.304277689,1.043922075
rotary_shaft_0178.stl_128.binvox,6,0,-0.937947756,-0.744029018,-0.760918893
rotary_shaft_0179.stl_128.binvox,6,0,0.721305733,1.162034168,1.076079597
rotary_shaft_0180.stl_128.binvox,6,0,0.770396073,1.304277689,1.043922075
rotary_shaft_0182.stl_128.binvox,6,0,-0.937947756,-0.744029018,-0.760918893
rotary_shaft_0183.stl_128.binvox,6,0,0.721305733,1.162034168,1.076079597
rotary_shaft_0184.stl_128.binvox,6,0,-0.937947756,-0.744029018,-0.760918893
rotary_shaft_0185.stl_128.binvox,6,0,-0.937947756,-0.744029018,-0.760918893
rotary_shaft_0187.stl_128.binvox,6,0,0.770396073,1.304277689,1.043922075
rotary_shaft_0188.stl_128.binvox,6,0,-0.937947756,-0.744029018,-0.760918893
rotary_shaft_0189.stl_128.binvox,6,0,-0.937947756,-0.744029018,-0.760918893
rotary_shaft_0190.stl_128.binvox,6,0,0.770396073,0.552419076,1.043922075
rotary_shaft_0191.stl_128.binvox,6,0,0.721305733,1.162034168,1.076079597
rotary_shaft_0192.stl_128.binvox,6,0,0.721305733,1.040111149,0.652002265
rotary_shaft_0193.stl_128.binvox,6,0,-0.937947756,-0.744029018,-0.760918893
rotary_shaft_0194.stl_128.binvox,6,0,0.721305733,1.162034168,1.076079597
rotary_shaft_0195.stl_128.binvox,6,0,0.770396073,0.552419076,1.043922075
rotary_shaft_0196.stl_128.binvox,6,0,0.721305733,1.162034168,1.076079597
rotary_shaft_0198.stl_128.binvox,6,0,0.770396073,1.019790646,0.983626719
rotary_shaft_0199.stl_128.binvox,6,0,0.770396073,1.019790646,0.983626719
rotary_shaft_0200.stl_128.binvox,6,0,-0.937947756,-0.744029018,-0.760918893
rotary_shaft_0201.stl_128.binvox,6,0,-0.937947756,-0.744029018,-0.760918893
rotary_shaft_0202.stl_128.binvox,6,0,-0.937947756,-0.744029018,-0.760918893
rotary_shaft_0204.stl_128.binvox,6,0,0.770396073,1.304277689,1.043922075
rotary_shaft_0205.stl_128.binvox,6,0,0.770396073,1.019790646,0.983626719
rotary_shaft_0206.stl_128.binvox,6,0,0.721305733,1.040111149,0.652002265
rotary_shaft_0207.stl_128.binvox,6,0,0.770396073,0.552419076,1.043922075
rotary_shaft_0208.stl_128.binvox,6,0,0.721305733,1.162034168,1.076079597
rotary_shaft_0209.stl_128.binvox,6,0,0.770396073,1.304277689,1.043922075
rotary_shaft_0210.stl_128.binvox,6,0,0.721305733,1.040111149,0.652002265
rotary_shaft_0211.stl_128.binvox,6,0,0.770396073,1.019790646,0.983626719
rotary_shaft_0212.stl_128.binvox,6,0,-0.937947756,-0.744029018,-0.760918893
rotary_shaft_0213.stl_128.binvox,6,0,0.721305733,1.162034168,1.076079597
rotary_shaft_0214.stl_128.binvox,6,0,0.770396073,0.552419076,1.043922075
rotary_shaft_0215.stl_128.binvox,6,0,0.721305733,1.162034168,1.076079597
rotary_shaft_0216.stl_128.binvox,6,0,-0.937947756,-0.744029018,-0.760918893
rotary_shaft_0217.stl_128.binvox,6,0,0.721305733,1.162034168,1.076079597
rotary_shaft_0218.stl_128.binvox,6,0,0.770396073,1.019790646,0.983626719
rotary_shaft_0219.stl_128.binvox,6,0,0.770396073,1.019790646,0.983626719
rotary_shaft_0220.stl_128.binvox,6,0,0.770396073,1.304277689,1.043922075
rotary_shaft_0221.stl_128.binvox,6,0,0.721305733,1.040111149,0.652002265
rotary_shaft_0222.stl_128.binvox,6,0,-0.937947756,-0.744029018,-0.760918893
rotary_shaft_0223.stl_128.binvox,6,0,-0.937947756,-0.744029018,-0.760918893
rotary_shaft_0224.stl_128.binvox,6,0,0.770396073,1.304277689,1.043922075
rotary_shaft_0225.stl_128.binvox,6,0,0.770396073,0.552419076,1.043922075
rotary_shaft_0226.stl_128.binvox,6,0,0.721305733,1.040111149,0.652002265
rotary_shaft_0227.stl_128.binvox,6,0,0.721305733,1.040111149,0.652002265
rotary_shaft_0228.stl_128.binvox,6,0,0.770396073,0.552419076,1.043922075
rotary_shaft_0229.stl_128.binvox,6,0,-0.937947756,-0.744029018,-0.760918893
rotary_shaft_0231.stl_128.binvox,6,0,0.770396073,0.552419076,1.043922075
rotary_shaft_0232.stl_128.binvox,6,0,0.721305733,1.040111149,0.652002265
rotary_shaft_0233.stl_128.binvox,6,0,-0.937947756,-0.744029018,-0.760918893
rotary_shaft_0234.stl_128.binvox,6,0,0.721305733,1.040111149,0.652002265
rotary_shaft_0235.stl_128.binvox,6,0,-0.937947756,-0.744029018,-0.760918893
rotary_shaft_0236.stl_128.binvox,6,0,0.770396073,0.552419076,1.043922075
rotary_shaft_0237.stl_128.binvox,6,0,0.770396073,0.552419076,1.043922075
rotary_shaft_0238.stl_128.binvox,6,0,0.770396073,1.304277689,1.043922075
rotary_shaft_0239.stl_128.binvox,6,0,0.770396073,1.019790646,0.983626719
rotary_shaft_0240.stl_128.binvox,6,0,0.770396073,1.304277689,1.043922075
rotary_shaft_0241.stl_128.binvox,6,0,0.770396073,1.019790646,0.983626719
rotary_shaft_0242.stl_128.binvox,6,0,-0.937947756,-0.744029018,-0.760918893
rotary_shaft_0243.stl_128.binvox,6,0,0.721305733,1.162034168,1.076079597
rotary_shaft_0246.stl_128.binvox,6,0,-0.937947756,-0.744029018,-0.760918893
rotary_shaft_0247.stl_128.binvox,6,0,0.770396073,0.552419076,1.043922075
rotary_shaft_0248.stl_128.binvox,6,0,0.770396073,1.019790646,0.983626719
rotary_shaft_0249.stl_128.binvox,6,0,0.770396073,0.552419076,1.043922075
shaft_collar_0000.stl_128.binvox,7,0,0.723923885,0.491457567,0.652002265
shaft_collar_0001.stl_128.binvox,7,0,-0.937947756,-0.744029018,-0.760918893
shaft_collar_0002.stl_128.binvox,7,0,-0.937947756,-0.744029018,-0.760918893
shaft_collar_0003.stl_128.binvox,7,0,0.721305733,0.430496058,0.652002265
shaft_collar_0004.stl_128.binvox,7,0,0.93075785,-0.126285725,0.008851809
shaft_collar_0005.stl_128.binvox,7,0,0.723923885,0.491457567,0.652002265
shaft_collar_0006.stl_128.binvox,7,2,-1.386306193,-1.231721091,-1.416128421
shaft_collar_0007.stl_128.binvox,7,0,0.721305733,0.430496058,0.652002265
shaft_collar_0008.stl_128.binvox,7,0,0.727851112,0.288252537,0.652002265
shaft_collar_0009.stl_128.binvox,7,2,-1.386306193,-1.231721091,-1.416128421
shaft_collar_0010.stl_128.binvox,7,0,-0.96412927,-0.240080542,-0.600131279
shaft_collar_0011.stl_128.binvox,7,0,0.93075785,-0.126285725,0.008851809
shaft_collar_0012.stl_128.binvox,7,0,0.723923885,0.491457567,0.652002265
shaft_collar_0013.stl_128.binvox,7,0,0.93075785,-0.126285725,0.008851809
shaft_collar_0014.stl_128.binvox,7,2,-1.386306193,-1.231721091,-1.416128421
shaft_collar_0015.stl_128.binvox,7,0,-0.937947756,-0.744029018,-0.760918893
shaft_collar_0016.stl_128.binvox,7,0,0.727851112,0.694662598,0.652002265
shaft_collar_0017.stl_128.binvox,7,0,0.93075785,-0.126285725,0.008851809
shaft_collar_0018.stl_128.binvox,7,0,0.727851112,0.288252537,0.652002265
shaft_collar_0019.stl_128.binvox,7,0,0.770396073,1.304277689,1.043922075
shaft_collar_0020.stl_128.binvox,7,2,-1.386306193,-1.231721091,-1.416128421
shaft_collar_0021.stl_128.binvox,7,0,0.721305733,0.430496058,0.652002265
shaft_collar_0022.stl_128.binvox,7,0,0.727851112,0.288252537,0.652002265
shaft_collar_0023.stl_128.binvox,7,0,0.770396073,1.304277689,1.043922075
shaft_collar_0024.stl_128.binvox,7,0,0.770396073,1.019790646,0.983626719
shaft_collar_0025.stl_128.binvox,7,0,-0.96412927,-0.240080542,-0.600131279
shaft_collar_0026.stl_128.binvox,7,0,0.727851112,0.288252537,0.652002265
shaft_collar_0027.stl_128.binvox,7,0,-0.96412927,-0.240080542,-0.600131279
shaft_collar_0028.stl_128.binvox,7,0,-0.937947756,-0.744029018,-0.760918893
shaft_collar_0029.stl_128.binvox,7,0,-0.96412927,-0.240080542,-0.600131279
shaft_collar_0030.stl_128.binvox,7,0,-0.937947756,-0.744029018,-0.760918893
shaft_collar_0031.stl_128.binvox,7,0,0.770396073,1.304277689,1.043922075
shaft_collar_0032.stl_128.binvox,7,0,-0.96412927,-0.240080542,-0.600131279
shaft_collar_0033.stl_128.binvox,7,2,-1.386306193,-1.231721091,-1.416128421
shaft_collar_0034.stl_128.binvox,7,0,0.727851112,0.288252537,0.652002265
shaft_collar_0035.stl_128.binvox,7,0,0.721305733,0.430496058,0.652002265
shaft_collar_0036.stl_128.binvox,7,0,0.93075785,-0.126285725,0.008851809
shaft_collar_0037.stl_128.binvox,7,0,0.93075785,-0.126285725,0.008851809
shaft_collar_0038.stl_128.binvox,7,0,-0.96412927,-0.240080542,-0.600131279
shaft_collar_0039.stl_128.binvox,7,0,-0.937947756,-0.744029018,-0.760918893
shaft_collar_0040.stl_128.binvox,7,0,-0.96412927,-0.240080542,-0.600131279
shaft_collar_0041.stl_128.binvox,7,2,-1.471396116,-1.193924955,-1.327695233
shaft_collar_0042.stl_128.binvox,7,0,0.721305733,0.430496058,0.652002265
shaft_collar_0043.stl_128.binvox,7,0,0.770396073,1.019790646,0.983626719
shaft_collar_0044.stl_128.binvox,7,2,-1.471396116,-1.193924955,-1.327695233
shaft_collar_0045.stl_128.binvox,7,0,0.770396073,1.304277689,1.043922075
shaft_collar_0046.stl_128.binvox,7,2,-1.471396116,-1.193924955,-1.327695233
shaft_collar_0047.stl_128.binvox,7,2,-1.386306193,-1.231721091,-1.416128421
shaft_collar_0048.stl_128.binvox,7,0,0.721305733,0.430496058,0.652002265
shaft_collar_0049.stl_128.binvox,7,2,-1.386306193,-1.231721091,-1.416128421
shaft_collar_0050.stl_128.binvox,7,0,-0.937947756,-0.744029018,-0.760918893
shaft_collar_0051.stl_128.binvox,7,0,0.721305733,0.430496058,0.652002265
shaft_collar_0052.stl_128.binvox,7,0,-0.937947756,-0.744029018,-0.760918893
shaft_collar_0053.stl_128.binvox,7,0,0.721305733,0.430496058,0.652002265
shaft_collar_0054.stl_128.binvox,7,0,0.770396073,1.019790646,0.983626719
shaft_collar_0055.stl_128.binvox,7,0,0.93075785,-0.126285725,0.008851809
shaft_collar_0056.stl_128.binvox,7,2,-1.386306193,-1.231721091,-1.416128421
shaft_collar_0057.stl_128.binvox,7,2,-1.471396116,-1.193924955,-1.327695233
shaft_collar_0058.stl_128.binvox,7,0,-0.937947756,-0.744029018,-0.760918893
shaft_collar_0059.stl_128.binvox,7,2,-1.471396116,-1.193924955,-1.327695233
shaft_collar_0060.stl_128.binvox,7,0,0.770396073,1.019790646,0.983626719
shaft_collar_0061.stl_128.binvox,7,0,0.727851112,0.694662598,0.652002265
shaft_collar_0062.stl_128.binvox,7,0,0.93075785,-0.126285725,0.008851809
shaft_collar_0063.stl_128.binvox,7,0,0.721305733,0.430496058,0.652002265
shaft_collar_0064.stl_128.binvox,7,0,0.727851112,0.694662598,0.652002265
shaft_collar_0065.stl_128.binvox,7,0,0.727851112,0.694662598,0.652002265
shaft_collar_0066.stl_128.binvox,7,0,0.721305733,0.430496058,0.652002265
shaft_collar_0067.stl_128.binvox,7,0,0.727851112,0.288252537,0.652002265
shaft_collar_0068.stl_128.binvox,7,0,0.770396073,1.304277689,1.043922075
shaft_collar_0069.stl_128.binvox,7,0,0.721305733,0.430496058,0.652002265
shaft_collar_0070.stl_128.binvox,7,0,0.770396073,1.019790646,0.983626719
shaft_collar_0071.stl_128.binvox,7,0,0.93075785,-0.126285725,0.008851809
shaft_collar_0072.stl_128.binvox,7,0,0.727851112,0.694662598,0.652002265
shaft_collar_0073.stl_128.binvox,7,0,0.723923885,0.491457567,0.652002265
shaft_collar_0074.stl_128.binvox,7,0,0.93075785,-0.126285725,0.008851809
shaft_collar_0075.stl_128.binvox,7,0,-0.937947756,-0.744029018,-0.760918893
shaft_collar_0076.stl_128.binvox,7,2,-1.471396116,-1.193924955,-1.327695233
shaft_collar_0077.stl_128.binvox,7,0,0.723923885,0.491457567,0.652002265
shaft_collar_0078.stl_128.binvox,7,0,-0.937947756,-0.744029018,-0.760918893
shaft_collar_0079.stl_128.binvox,7,0,0.721305733,0.430496058,0.652002265
shaft_collar_0080.stl_128.binvox,7,0,-0.937947756,-0.744029018,-0.760918893
shaft_collar_0081.stl_128.binvox,7,0,0.93075785,-0.126285725,0.008851809
shaft_collar_0082.stl_128.binvox,7,0,0.727851112,0.288252537,0.652002265
shaft_collar_0083.stl_128.binvox,7,0,0.93075785,-0.126285725,0.008851809
shaft_collar_0084.stl_128.binvox,7,0,0.727851112,0.288252537,0.652002265
shaft_collar_0085.stl_128.binvox,7,0,0.770396073,1.304277689,1.043922075
shaft_collar_0086.stl_128.binvox,7,2,-1.471396116,-1.193924955,-1.327695233
shaft_collar_0087.stl_128.binvox,7,2,-1.471396116,-1.193924955,-1.327695233
shaft_collar_0088.stl_128.binvox,7,0,0.770396073,1.304277689,1.043922075
shaft_collar_0089.stl_128.binvox,7,2,-1.471396116,-1.193924955,-1.327695233
shaft_collar_0090.stl_128.binvox,7,0,-0.96412927,-0.240080542,-0.600131279
shaft_collar_0091.stl_128.binvox,7,2,-1.471396116,-1.193924955,-1.327695233
shaft_collar_0092.stl_128.binvox,7,0,0.721305733,0.430496058,0.652002265
shaft_collar_0093.stl_128.binvox,7,0,-0.96412927,-0.240080542,-0.600131279
shaft_collar_0094.stl_128.binvox,7,0,0.721305733,0.430496058,0.652002265
shaft_collar_0095.stl_128.binvox,7,0,0.723923885,0.491457567,0.652002265
shaft_collar_0096.stl_128.binvox,7,0,0.721305733,0.430496058,0.652002265
shaft_collar_0097.stl_128.binvox,7,0,0.770396073,1.304277689,1.043922075
shaft_collar_0098.stl_128.binvox,7,0,0.93075785,-0.126285725,0.008851809
shaft_collar_0099.stl_128.binvox,7,2,-1.386306193,-1.231721091,-1.416128421
shaft_collar_0100.stl_128.binvox,7,0,-0.937947756,-0.744029018,-0.760918893
shaft_collar_0101.stl_128.binvox,7,0,-0.96412927,-0.240080542,-0.600131279
shaft_collar_0102.stl_128.binvox,7,2,-1.471396116,-1.193924955,-1.327695233
shaft_collar_0103.stl_128.binvox,7,0,0.727851112,0.694662598,0.652002265
shaft_collar_0104.stl_128.binvox,7,0,0.93075785,-0.126285725,0.008851809
shaft_collar_0105.stl_128.binvox,7,2,-1.386306193,-1.231721091,-1.416128421
shaft_collar_0106.stl_128.binvox,7,0,-0.937947756,-0.744029018,-0.760918893
shaft_collar_0107.stl_128.binvox,7,0,0.93075785,-0.126285725,0.008851809
shaft_collar_0108.stl_128.binvox,7,0,0.723923885,0.491457567,0.652002265
shaft_collar_0109.stl_128.binvox,7,0,-0.937947756,-0.744029018,-0.760918893
shaft_collar_0110.stl_128.binvox,7,0,0.770396073,1.019790646,0.983626719
shaft_collar_0111.stl_128.binvox,7,0,-0.96412927,-0.240080542,-0.600131279
shaft_collar_0112.stl_128.binvox,7,0,-0.937947756,-0.744029018,-0.760918893
shaft_collar_0113.stl_128.binvox,7,0,0.727851112,0.288252537,0.652002265
shaft_collar_0114.stl_128.binvox,7,0,0.727851112,0.288252537,0.652002265
shaft_collar_0115.stl_128.binvox,7,0,0.721305733,0.430496058,0.652002265
shaft_collar_0116.stl_128.binvox,7,0,0.93075785,-0.126285725,0.008851809
shaft_collar_0117.stl_128.binvox,7,0,0.770396073,1.304277689,1.043922075
shaft_collar_0118.stl_128.binvox,7,0,0.93075785,-0.126285725,0.008851809
shaft_collar_0119.stl_128.binvox,7,0,0.727851112,0.694662598,0.652002265
shaft_collar_0120.stl_128.binvox,7,0,0.721305733,0.430496058,0.652002265
shaft_collar_0121.stl_128.binvox,7,0,0.727851112,0.694662598,0.652002265
shaft_collar_0122.stl_128.binvox,7,0,0.727851112,0.694662598,0.652002265
shaft_collar_0123.stl_128.binvox,7,2,-1.471396116,-1.193924955,-1.327695233
shaft_collar_0124.stl_128.binvox,7,0,0.770396073,1.019790646,0.983626719
shaft_collar_0125.stl_128.binvox,7,0,0.721305733,0.430496058,0.652002265
shaft_collar_0126.stl_128.binvox,7,0,-0.96412927,-0.240080542,-0.600131279
shaft_collar_0127.stl_128.binvox,7,0,-0.96412927,-0.240080542,-0.600131279
shaft_collar_0128.stl_128.binvox,7,0,0.727851112,0.288252537,0.652002265
shaft_collar_0129.stl_128.binvox,7,0,0.723923885,0.491457567,0.652002265
shaft_collar_0130.stl_128.binvox,7,0,0.723923885,0.491457567,0.652002265
shaft_collar_0131.stl_128.binvox,7,0,0.727851112,0.694662598,0.652002265
shaft_collar_0132.stl_128.binvox,7,0,0.727851112,0.694662598,0.652002265
shaft_collar_0133.stl_128.binvox,7,0,0.723923885,0.491457567,0.652002265
shaft_collar_0134.stl_128.binvox,7,0,0.727851112,0.694662598,0.652002265
shaft_collar_0135.stl_128.binvox,7,0,0.770396073,1.019790646,0.983626719
shaft_collar_0136.stl_128.binvox,7,2,-1.471396116,-1.193924955,-1.327695233
shaft_collar_0137.stl_128.binvox,7,0,0.727851112,0.288252537,0.652002265
shaft_collar_0138.stl_128.binvox,7,0,0.721305733,0.430496058,0.652002265
shaft_collar_0139.stl_128.binvox,7,0,0.727851112,0.288252537,0.652002265
shaft_collar_0140.stl_128.binvox,7,2,-1.471396116,-1.193924955,-1.327695233
shaft_collar_0141.stl_128.binvox,7,0,0.93075785,-0.126285725,0.008851809
shaft_collar_0142.stl_128.binvox,7,0,-0.96412927,-0.240080542,-0.600131279
shaft_collar_0143.stl_128.binvox,7,0,0.93075785,-0.126285725,0.008851809
shaft_collar_0144.stl_128.binvox,7,0,0.721305733,0.430496058,0.652002265
shaft_collar_0145.stl_128.binvox,7,0,0.770396073,1.304277689,1.043922075
shaft_collar_0146.stl_128.binvox,7,0,0.727851112,0.288252537,0.652002265
shaft_collar_0147.stl_128.binvox,7,0,0.727851112,0.694662598,0.652002265
shaft_collar_0148.stl_128.binvox,7,0,0.721305733,0.430496058,0.652002265
shaft_collar_0149.stl_128.binvox,7,0,-0.96412927,-0.240080542,-0.600131279
shaft_collar_0150.stl_128.binvox,7,0,0.727851112,0.694662598,0.652002265
shaft_collar_0151.stl_128.binvox,7,0,0.770396073,1.304277689,1.043922075
shaft_collar_0152.stl_128.binvox,7,2,-1.471396116,-1.193924955,-1.327695233
shaft_collar_0153.stl_128.binvox,7,2,-1.471396116,-1.193924955,-1.327695233
shaft_collar_0154.stl_128.binvox,7,0,0.727851112,0.288252537,0.652002265
shaft_collar_0155.stl_128.binvox,7,0,0.721305733,0.430496058,0.652002265
shaft_collar_0156.stl_128.binvox,7,2,-1.386306193,-1.231721091,-1.416128421
shaft_collar_0157.stl_128.binvox,7,0,0.723923885,0.491457567,0.652002265
shaft_collar_0158.stl_128.binvox,7,0,0.770396073,1.019790646,0.983626719
shaft_collar_0159.stl_128.binvox,7,0,0.93075785,-0.126285725,0.008851809
shaft_collar_0160.stl_128.binvox,7,2,-1.471396116,-1.193924955,-1.327695233
shaft_collar_0161.stl_128.binvox,7,0,0.770396073,1.304277689,1.043922075
shaft_collar_0162.stl_128.binvox,7,0,0.723923885,0.491457567,0.652002265
shaft_collar_0163.stl_128.binvox,7,0,0.727851112,0.694662598,0.652002265
shaft_collar_0164.stl_128.binvox,7,0,0.723923885,0.491457567,0.652002265
shaft_collar_0165.stl_128.binvox,7,0,0.727851112,0.694662598,0.652002265
shaft_collar_0166.stl_128.binvox,7,0,-0.937947756,-0.744029018,-0.760918893
shaft_collar_0167.stl_128.binvox,7,0,-0.937947756,-0.744029018,-0.760918893
shaft_collar_0168.stl_128.binvox,7,0,0.93075785,-0.126285725,0.008851809
shaft_collar_0169.stl_128.binvox,7,0,0.727851112,0.694662598,0.652002265
shaft_collar_0170.stl_128.binvox,7,2,-1.386306193,-1.231721091,-1.416128421
shaft_collar_0171.stl_128.binvox,7,0,0.770396073,1.019790646,0.983626719
shaft_collar_0172.stl_128.binvox,7,0,-0.96412927,-0.240080542,-0.600131279
shaft_collar_0173.stl_128.binvox,7,0,0.727851112,0.288252537,0.652002265
shaft_collar_0174.stl_128.binvox,7,0,0.723923885,0.491457567,0.652002265
shaft_collar_0175.stl_128.binvox,7,0,-0.96412927,-0.240080542,-0.600131279
shaft_collar_0176.stl_128.binvox,7,0,0.770396073,1.019790646,0.983626719
shaft_collar_0177.stl_128.binvox,7,0,0.770396073,1.019790646,0.983626719
shaft_collar_0178.stl_128.binvox,7,0,0.727851112,0.288252537,0.652002265
shaft_collar_0179.stl_128.binvox,7,0,0.727851112,0.694662598,0.652002265
shaft_collar_0180.stl_128.binvox,7,0,-0.937947756,-0.744029018,-0.760918893
shaft_collar_0181.stl_128.binvox,7,0,0.727851112,0.694662598,0.652002265
shaft_collar_0182.stl_128.binvox,7,2,-1.386306193,-1.231721091,-1.416128421
shaft_collar_0183.stl_128.binvox,7,0,0.721305733,0.430496058,0.652002265
shaft_collar_0184.stl_128.binvox,7,0,0.721305733,0.430496058,0.652002265
shaft_collar_0185.stl_128.binvox,7,0,0.727851112,0.694662598,0.652002265
shaft_collar_0186.stl_128.binvox,7,0,0.721305733,0.430496058,0.652002265
shaft_collar_0187.stl_128.binvox,7,2,-1.471396116,-1.193924955,-1.327695233
shaft_collar_0188.stl_128.binvox,7,0,-0.96412927,-0.240080542,-0.600131279
shaft_collar_0189.stl_128.binvox,7,0,0.93075785,-0.126285725,0.008851809
shaft_collar_0190.stl_128.binvox,7,0,0.727851112,0.288252537,0.652002265
shaft_collar_0191.stl_128.binvox,7,0,0.721305733,0.430496058,0.652002265
shaft_collar_0192.stl_128.binvox,7,0,0.770396073,1.304277689,1.043922075
shaft_collar_0193.stl_128.binvox,7,0,0.721305733,0.430496058,0.652002265
shaft_collar_0194.stl_128.binvox,7,2,-1.386306193,-1.231721091,-1.416128421
shaft_collar_0195.stl_128.binvox,7,0,0.727851112,0.288252537,0.652002265
shaft_collar_0196.stl_128.binvox,7,0,0.770396073,1.304277689,1.043922075
shaft_collar_0197.stl_128.binvox,7,0,0.770396073,1.304277689,1.043922075
shaft_collar_0198.stl_128.binvox,7,0,-0.937947756,-0.744029018,-0.760918893
shaft_collar_0199.stl_128.binvox,7,0,-0.937947756,-0.744029018,-0.760918893
shaft_collar_0200.stl_128.binvox,7,2,-1.386306193,-1.231721091,-1.416128421
shaft_collar_0201.stl_128.binvox,7,0,0.93075785,-0.126285725,0.008851809
shaft_collar_0202.stl_128.binvox,7,0,0.727851112,0.288252537,0.652002265
shaft_collar_0203.stl_128.binvox,7,0,0.721305733,0.430496058,0.652002265
shaft_collar_0204.stl_128.binvox,7,2,-1.386306193,-1.231721091,-1.416128421
shaft_collar_0205.stl_128.binvox,7,0,0.93075785,-0.126285725,0.008851809
shaft_collar_0206.stl_128.binvox,7,2,-1.386306193,-1.231721091,-1.416128421
shaft_collar_0207.stl_128.binvox,7,0,0.93075785,-0.126285725,0.008851809
shaft_collar_0208.stl_128.binvox,7,2,-1.471396116,-1.193924955,-1.327695233
shaft_collar_0209.stl_128.binvox,7,0,0.727851112,0.694662598,0.652002265
shaft_collar_0210.stl_128.binvox,7,0,0.721305733,0.430496058,0.652002265
shaft_collar_0211.stl_128.binvox,7,0,-0.937947756,-0.744029018,-0.760918893
shaft_collar_0212.stl_128.binvox,7,0,0.770396073,1.019790646,0.983626719
shaft_collar_0213.stl_128.binvox,7,0,0.721305733,0.430496058,0.652002265
shaft_collar_0214.stl_128.binvox,7,2,-1.386306193,-1.231721091,-1.416128421
shaft_collar_0215.stl_128.binvox,7,0,0.93075785,-0.126285725,0.008851809
shaft_collar_0216.stl_128.binvox,7,0,0.93075785,-0.126285725,0.008851809
shaft_collar_0217.stl_128.binvox,7,0,0.770396073,1.019790646,0.983626719
shaft_collar_0218.stl_128.binvox,7,0,-0.96412927,-0.240080542,-0.600131279
shaft_collar_0219.stl_128.binvox,7,0,0.93075785,-0.126285725,0.008851809
shaft_collar_0220.stl_128.binvox,7,0,0.770396073,1.304277689,1.043922075
shaft_collar_0221.stl_128.binvox,7,0,0.727851112,0.694662598,0.652002265
shaft_collar_0222.stl_128.binvox,7,0,0.770396073,1.304277689,1.043922075
shaft_collar_0223.stl_128.binvox,7,0,0.721305733,0.430496058,0.652002265
shaft_collar_0224.stl_128.binvox,7,2,-1.386306193,-1.231721091,-1.416128421
shaft_collar_0225.stl_128.binvox,7,0,0.727851112,0.694662598,0.652002265
shaft_collar_0226.stl_128.binvox,7,0,0.727851112,0.288252537,0.652002265
shaft_collar_0227.stl_128.binvox,7,0,0.727851112,0.694662598,0.652002265
shaft_collar_0228.stl_128.binvox,7,0,0.770396073,1.304277689,1.043922075
shaft_collar_0229.stl_128.binvox,7,0,0.770396073,1.019790646,0.983626719
shaft_collar_0230.stl_128.binvox,7,2,-1.386306193,-1.231721091,-1.416128421
shaft_collar_0231.stl_128.binvox,7,0,0.727851112,0.694662598,0.652002265
shaft_collar_0232.stl_128.binvox,7,0,0.721305733,0.430496058,0.652002265
shaft_collar_0233.stl_128.binvox,7,0,0.721305733,0.430496058,0.652002265
shaft_collar_0234.stl_128.binvox,7,0,0.770396073,1.019790646,0.983626719
shaft_collar_0235.stl_128.binvox,7,2,-1.471396116,-1.193924955,-1.327695233
shaft_collar_0236.stl_128.binvox,7,0,0.770396073,1.019790646,0.983626719
shaft_collar_0237.stl_128.binvox,7,2,-1.386306193,-1.231721091,-1.416128421
shaft_collar_0238.stl_128.binvox,7,0,0.770396073,1.019790646,0.983626719
shaft_collar_0239.stl_128.binvox,7,2,-1.386306193,-1.231721091,-1.416128421
shaft_collar_0240.stl_128.binvox,7,0,0.727851112,0.694662598,0.652002265
shaft_collar_0241.stl_128.binvox,7,0,0.721305733,0.430496058,0.652002265
shaft_collar_0242.stl_128.binvox,7,0,0.727851112,0.288252537,0.652002265
shaft_collar_0243.stl_128.binvox,7,2,-1.386306193,-1.231721091,-1.416128421
shaft_collar_0244.stl_128.binvox,7,2,-1.471396116,-1.193924955,-1.327695233
shaft_collar_0245.stl_128.binvox,7,0,0.770396073,1.019790646,0.983626719
shaft_collar_0246.stl_128.binvox,7,0,0.721305733,0.430496058,0.652002265
shaft_collar_0247.stl_128.binvox,7,0,-0.937947756,-0.744029018,-0.760918893
shaft_collar_0248.stl_128.binvox,7,0,0.721305733,0.430496058,0.652002265
shaft_collar_0249.stl_128.binvox,7,0,0.770396073,1.304277689,1.043922075
shaft_collar_0250.stl_128.binvox,7,0,0.770396073,1.019790646,0.983626719
shaft_collar_0251.stl_128.binvox,7,0,0.727851112,0.288252537,0.652002265
shaft_collar_0252.stl_128.binvox,7,0,0.723923885,0.491457567,0.652002265
shaft_collar_0253.stl_128.binvox,7,2,-1.386306193,-1.231721091,-1.416128421
shaft_collar_0254.stl_128.binvox,7,2,-1.386306193,-1.231721091,-1.416128421
shaft_collar_0255.stl_128.binvox,7,0,0.770396073,1.304277689,1.043922075
shaft_collar_0256.stl_128.binvox,7,0,0.721305733,0.430496058,0.652002265
shaft_collar_0257.stl_128.binvox,7,0,0.721305733,0.430496058,0.652002265
shaft_collar_0258.stl_128.binvox,7,0,-0.937947756,-0.744029018,-0.760918893
shaft_collar_0259.stl_128.binvox,7,0,-0.937947756,-0.744029018,-0.760918893
shaft_collar_0260.stl_128.binvox,7,2,-1.471396116,-1.193924955,-1.327695233
shaft_collar_0261.stl_128.binvox,7,0,0.770396073,1.304277689,1.043922075
shaft_collar_0262.stl_128.binvox,7,0,0.723923885,0.491457567,0.652002265
shaft_collar_0263.stl_128.binvox,7,2,-1.471396116,-1.193924955,-1.327695233
shaft_collar_0264.stl_128.binvox,7,0,0.727851112,0.694662598,0.652002265
shaft_collar_0265.stl_128.binvox,7,0,-0.937947756,-0.744029018,-0.760918893
shaft_collar_0266.stl_128.binvox,7,0,0.727851112,0.288252537,0.652002265
shaft_collar_0267.stl_128.binvox,7,2,-1.386306193,-1.231721091,-1.416128421
shaft_collar_0268.stl_128.binvox,7,2,-1.471396116,-1.193924955,-1.327695233
shaft_collar_0269.stl_128.binvox,7,0,0.727851112,0.288252537,0.652002265
shaft_collar_0270.stl_128.binvox,7,0,0.723923885,0.491457567,0.652002265
shaft_collar_0271.stl_128.binvox,7,2,-1.471396116,-1.193924955,-1.327695233
shaft_collar_0272.stl_128.binvox,7,0,-0.96412927,-0.240080542,-0.600131279
shaft_collar_0273.stl_128.binvox,7,0,-0.937947756,-0.744029018,-0.760918893
shaft_collar_0274.stl_128.binvox,7,0,-0.937947756,-0.744029018,-0.760918893
shaft_collar_0275.stl_128.binvox,7,0,0.770396073,1.019790646,0.983626719
shaft_collar_0276.stl_128.binvox,7,0,0.727851112,0.694662598,0.652002265
shaft_collar_0277.stl_128.binvox,7,0,0.770396073,1.019790646,0.983626719
shaft_collar_0278.stl_128.binvox,7,0,0.770396073,1.019790646,0.983626719
shaft_collar_0279.stl_128.binvox,7,2,-1.471396116,-1.193924955,-1.327695233
shaft_collar_0280.stl_128.binvox,7,0,0.727851112,0.694662598,0.652002265
socket_head_screws_0000.stl_128.binvox,8,0,0.93075785,-0.126285725,0.008851809
socket_head_screws_0001.stl_128.binvox,8,0,0.727851112,0.694662598,0.652002265
socket_head_screws_0002.stl_128.binvox,8,2,-1.543068012,-1.381279993,-1.448285943
socket_head_screws_0003.stl_128.binvox,8,2,-1.373215436,-0.849695633,-1.080484276
socket_head_screws_0004.stl_128.binvox,8,0,0.744214559,2.365007948,0.983626719
socket_head_screws_0005.stl_128.binvox,8,0,1.051192817,0.601188284,0.842937557
socket_head_screws_0006.stl_128.binvox,8,2,-1.543068012,-1.381279993,-1.448285943
socket_head_screws_0007.stl_128.binvox,8,2,-1.543068012,-1.381279993,-1.448285943
socket_head_screws_0008.stl_128.binvox,8,0,1.051192817,0.601188284,0.842937557
socket_head_screws_0009.stl_128.binvox,8,0,-0.937947756,-0.744029018,-0.760918893
socket_head_screws_0010.stl_128.binvox,8,0,0.727851112,0.694662598,0.652002265
socket_head_screws_0011.stl_128.binvox,8,0,0.93075785,-0.126285725,0.008851809
socket_head_screws_0012.stl_128.binvox,8,0,-0.371772502,-0.101901122,1.576531046
socket_head_screws_0013.stl_128.binvox,8,2,-1.471396116,-1.193924955,-1.327695233
socket_head_screws_0014.stl_128.binvox,8,0,-0.371772502,-0.101901122,1.576531046
socket_head_screws_0015.stl_128.binvox,8,0,0.770396073,1.019790646,0.983626719
socket_head_screws_0016.stl_128.binvox,8,0,1.051192817,0.601188284,0.842937557
socket_head_screws_0017.stl_128.binvox,8,0,0.93075785,-0.126285725,0.008851809
socket_head_screws_0018.stl_128.binvox,8,0,0.770396073,1.019790646,0.983626719
socket_head_screws_0019.stl_128.binvox,8,0,0.744214559,2.365007948,0.983626719
socket_head_screws_0020.stl_128.binvox,8,0,0.723923885,0.491457567,0.652002265
socket_head_screws_0021.stl_128.binvox,8,0,-0.371772502,-0.101901122,1.576531046
socket_head_screws_0022.stl_128.binvox,8,2,-1.543068012,-1.381279993,-1.448285943
socket_head_screws_0023.stl_128.binvox,8,2,-1.543068012,-1.381279993,-1.448285943
socket_head_screws_0024.stl_128.binvox,8,0,0.723923885,0.491457567,0.652002265
socket_head_screws_0025.stl_128.binvox,8,0,1.051192817,0.601188284,0.842937557
socket_head_screws_0026.stl_128.binvox,8,0,0.723923885,0.491457567,0.652002265
socket_head_screws_0027.stl_128.binvox,8,0,0.744214559,2.365007948,0.983626719
socket_head_screws_0028.stl_128.binvox,8,0,0.93075785,-0.126285725,0.008851809
socket_head_screws_0029.stl_128.binvox,8,0,1.051192817,0.601188284,0.842937557
socket_head_screws_0030.stl_128.binvox,8,0,0.727851112,0.694662598,0.652002265
socket_head_screws_0031.stl_128.binvox,8,0,-0.937947756,-0.744029018,-0.760918893
socket_head_screws_0032.stl_128.binvox,8,0,0.727851112,0.694662598,0.652002265
socket_head_screws_0033.stl_128.binvox,8,0,-0.937947756,-0.744029018,-0.760918893
socket_head_screws_0034.stl_128.binvox,8,0,0.727851112,0.694662598,0.652002265
socket_head_screws_0035.stl_128.binvox,8,0,0.723923885,0.491457567,0.652002265
socket_head_screws_0036.stl_128.binvox,8,0,0.93075785,-0.126285725,0.008851809
socket_head_screws_0037.stl_128.binvox,8,2,-1.543068012,-1.381279993,-1.448285943
socket_head_screws_0038.stl_128.binvox,8,0,0.721305733,0.430496058,0.652002265
socket_head_screws_0039.stl_128.binvox,8,2,-1.373215436,-0.849695633,-1.080484276
socket_head_screws_0040.stl_128.binvox,8,0,1.051192817,0.601188284,0.842937557
socket_head_screws_0041.stl_128.binvox,8,0,-0.937947756,-0.744029018,-0.760918893
socket_head_screws_0042.stl_128.binvox,8,0,-0.371772502,-0.101901122,1.576531046
socket_head_screws_0043.stl_128.binvox,8,2,-1.471396116,-1.193924955,-1.327695233
socket_head_screws_0044.stl_128.binvox,8,0,0.727851112,0.288252537,0.652002265
socket_head_screws_0045.stl_128.binvox,8,0,0.727851112,0.288252537,0.652002265
socket_head_screws_0046.stl_128.binvox,8,0,0.721305733,0.430496058,0.652002265
socket_head_screws_0047.stl_128.binvox,8,0,0.770396073,1.019790646,0.983626719
socket_head_screws_0048.stl_128.binvox,8,2,-1.373215436,-0.849695633,-1.080484276
socket_head_screws_0049.stl_128.binvox,8,0,-0.937947756,-0.744029018,-0.760918893
socket_head_screws_0050.stl_128.binvox,8,2,-1.471396116,-1.193924955,-1.327695233
socket_head_screws_0051.stl_128.binvox,8,0,0.727851112,0.694662598,0.652002265
socket_head_screws_0052.stl_128.binvox,8,0,-0.928129688,0.824713817,-0.811165023
socket_head_screws_0053.stl_128.binvox,8,0,1.051192817,0.601188284,0.842937557
socket_head_screws_0054.stl_128.binvox,8,2,-1.543068012,-1.381279993,-1.448285943
socket_head_screws_0055.stl_128.binvox,8,0,1.051192817,0.601188284,0.842937557
socket_head_screws_0056.stl_128.binvox,8,0,1.051192817,0.601188284,0.842937557
socket_head_screws_0057.stl_128.binvox,8,0,-0.371772502,-0.101901122,1.576531046
socket_head_screws_0058.stl_128.binvox,8,0,0.93075785,-0.126285725,0.008851809
socket_head_screws_0059.stl_128.binvox,8,0,0.723923885,0.491457567,0.652002265
socket_head_screws_0060.stl_128.binvox,8,0,0.727851112,0.288252537,0.652002265
socket_head_screws_0061.stl_128.binvox,8,2,-1.373215436,-0.849695633,-1.080484276
socket_head_screws_0062.stl_128.binvox,8,0,1.051192817,0.601188284,0.842937557
socket_head_screws_0063.stl_128.binvox,8,0,0.727851112,0.694662598,0.652002265
socket_head_screws_0064.stl_128.binvox,8,0,0.723923885,0.491457567,0.652002265
socket_head_screws_0065.stl_128.binvox,8,0,0.770396073,1.019790646,0.983626719
socket_head_screws_0066.stl_128.binvox,8,2,-1.543068012,-1.381279993,-1.448285943
socket_head_screws_0067.stl_128.binvox,8,2,-1.373215436,-0.849695633,-1.080484276
socket_head_screws_0068.stl_128.binvox,8,0,1.051192817,0.601188284,0.842937557
socket_head_screws_0069.stl_128.binvox,8,0,-0.937947756,-0.744029018,-0.760918893
socket_head_screws_0070.stl_128.binvox,8,0,-0.937947756,-0.744029018,-0.760918893
socket_head_screws_0071.stl_128.binvox,8,0,-0.928129688,0.824713817,-0.811165023
socket_head_screws_0072.stl_128.binvox,8,0,0.93075785,-0.126285725,0.008851809
socket_head_screws_0073.stl_128.binvox,8,0,0.93075785,-0.126285725,0.008851809
socket_head_screws_0074.stl_128.binvox,8,2,-1.373215436,-0.849695633,-1.080484276
socket_head_screws_0075.stl_128.binvox,8,0,1.038756598,-0.463606076,-0.053453391
socket_head_screws_0076.stl_128.binvox,8,0,-0.937947756,-0.744029018,-0.760918893
socket_head_screws_0077.stl_128.binvox,8,2,-1.373215436,-0.849695633,-1.080484276
socket_head_screws_0078.stl_128.binvox,8,0,1.051192817,0.601188284,0.842937557
socket_head_screws_0079.stl_128.binvox,8,0,0.93075785,-0.126285725,0.008851809
socket_head_screws_0080.stl_128.binvox,8,0,0.770396073,1.019790646,0.983626719
socket_head_screws_0081.stl_128.binvox,8,2,-1.373215436,-0.849695633,-1.080484276
socket_head_screws_0082.stl_128.binvox,8,0,-0.371772502,-0.101901122,1.576531046
socket_head_screws_0083.stl_128.binvox,8,0,-0.928129688,0.824713817,-0.811165023
socket_head_screws_0084.stl_128.binvox,8,2,-1.471396116,-1.193924955,-1.327695233
socket_head_screws_0085.stl_128.binvox,8,0,1.051192817,0.601188284,0.842937557
socket_head_screws_0086.stl_128.binvox,8,2,-1.373215436,-0.849695633,-1.080484276
socket_head_screws_0087.stl_128.binvox,8,0,0.721305733,0.430496058,0.652002265
socket_head_screws_0088.stl_128.binvox,8,0,0.744214559,2.365007948,0.983626719
socket_head_screws_0089.stl_128.binvox,8,0,1.051192817,0.601188284,0.842937557
socket_head_screws_0090.stl_128.binvox,8,0,0.727851112,0.694662598,0.652002265
socket_head_screws_0091.stl_128.binvox,8,0,1.051192817,0.601188284,0.842937557
socket_head_screws_0092.stl_128.binvox,8,2,-1.471396116,-1.193924955,-1.327695233
socket_head_screws_0093.stl_128.binvox,8,0,1.051192817,0.601188284,0.842937557
socket_head_screws_0094.stl_128.binvox,8,0,0.770396073,1.019790646,0.983626719
socket_head_screws_0095.stl_128.binvox,8,0,0.727851112,0.694662598,0.652002265
socket_head_screws_0096.stl_128.binvox,8,2,-1.471396116,-1.193924955,-1.327695233
socket_head_screws_0097.stl_128.binvox,8,0,-0.371772502,-0.101901122,1.576531046
socket_head_screws_0098.stl_128.binvox,8,0,1.038756598,-0.463606076,-0.053453391
socket_head_screws_0099.stl_128.binvox,8,0,-0.371772502,-0.101901122,1.576531046
socket_head_screws_0100.stl_128.binvox,8,0,0.727851112,0.694662598,0.652002265
socket_head_screws_0101.stl_128.binvox,8,0,0.744214559,2.365007948,0.983626719
socket_head_screws_0102.stl_128.binvox,8,2,-1.373215436,-0.849695633,-1.080484276
socket_head_screws_0103.stl_128.binvox,8,0,0.727851112,0.288252537,0.652002265
socket_head_screws_0104.stl_128.binvox,8,0,1.051192817,0.601188284,0.842937557
socket_head_screws_0105.stl_128.binvox,8,2,-1.543068012,-1.381279993,-1.448285943
socket_head_screws_0106.stl_128.binvox,8,0,1.038756598,-0.463606076,-0.053453391
socket_head_screws_0107.stl_128.binvox,8,0,0.93075785,-0.126285725,0.008851809
socket_head_screws_0108.stl_128.binvox,8,0,0.727851112,0.288252537,0.652002265
socket_head_screws_0109.stl_128.binvox,8,0,0.93075785,-0.126285725,0.008851809
socket_head_screws_0110.stl_128.binvox,8,0,1.051192817,0.601188284,0.842937557
socket_head_screws_0111.stl_128.binvox,8,0,0.770396073,1.019790646,0.983626719
socket_head_screws_0112.stl_128.binvox,8,2,-1.373215436,-0.849695633,-1.080484276
socket_head_screws_0113.stl_128.binvox,8,0,1.038756598,-0.463606076,-0.053453391
socket_head_screws_0114.stl_128.binvox,8,0,-0.371772502,-0.101901122,1.576531046
socket_head_screws_0115.stl_128.binvox,8,0,1.051192817,0.601188284,0.842937557
socket_head_screws_0116.stl_128.binvox,8,0,-0.928129688,0.824713817,-0.811165023
socket_head_screws_0117.stl_128.binvox,8,0,-0.928129688,0.824713817,-0.811165023
socket_head_screws_0118.stl_128.binvox,8,2,-1.373215436,-0.849695633,-1.080484276
socket_head_screws_0119.stl_128.binvox,8,0,1.051192817,0.601188284,0.842937557
socket_head_screws_0120.stl_128.binvox,8,0,0.727851112,0.694662598,0.652002265
socket_head_screws_0121.stl_128.binvox,8,2,-1.471396116,-1.193924955,-1.327695233
socket_head_screws_0122.stl_128.binvox,8,2,-1.543068012,-1.381279993,-1.448285943
socket_head_screws_0123.stl_128.binvox,8,0,0.723923885,0.491457567,0.652002265
socket_head_screws_0124.stl_128.binvox,8,0,1.051192817,0.601188284,0.842937557
socket_head_screws_0125.stl_128.binvox,8,0,0.93075785,-0.126285725,0.008851809
socket_head_screws_0126.stl_128.binvox,8,2,-1.373215436,-0.849695633,-1.080484276
socket_head_screws_0127.stl_128.binvox,8,0,0.723923885,0.491457567,0.652002265
socket_head_screws_0128.stl_128.binvox,8,0,0.93075785,-0.126285725,0.008851809
socket_head_screws_0129.stl_128.binvox,8,0,0.727851112,0.288252537,0.652002265
socket_head_screws_0130.stl_128.binvox,8,0,-0.928129688,0.824713817,-0.811165023
socket_head_screws_0131.stl_128.binvox,8,0,0.721305733,0.430496058,0.652002265
socket_head_screws_0132.stl_128.binvox,8,0,0.721305733,0.430496058,0.652002265
socket_head_screws_0133.stl_128.binvox,8,0,0.770396073,1.019790646,0.983626719
socket_head_screws_0134.stl_128.binvox,8,0,0.721305733,0.430496058,0.652002265
socket_head_screws_0135.stl_128.binvox,8,0,1.051192817,0.601188284,0.842937557
socket_head_screws_0136.stl_128.binvox,8,2,-1.471396116,-1.193924955,-1.327695233
socket_head_screws_0137.stl_128.binvox,8,0,0.721305733,0.430496058,0.652002265
socket_head_screws_0138.stl_128.binvox,8,0,-0.371772502,-0.101901122,1.576531046
socket_head_screws_0139.stl_128.binvox,8,0,1.051192817,0.601188284,0.842937557
socket_head_screws_0140.stl_128.binvox,8,0,-0.937947756,-0.744029018,-0.760918893
socket_head_screws_0141.stl_128.binvox,8,0,-0.937947756,-0.744029018,-0.760918893
socket_head_screws_0142.stl_128.binvox,8,0,0.723923885,0.491457567,0.652002265
socket_head_screws_0143.stl_128.binvox,8,0,-0.371772502,-0.101901122,1.576531046
socket_head_screws_0144.stl_128.binvox,8,0,0.727851112,0.288252537,0.652002265
socket_head_screws_0145.stl_128.binvox,8,2,-1.471396116,-1.193924955,-1.327695233
socket_head_screws_0146.stl_128.binvox,8,0,0.727851112,0.288252537,0.652002265
socket_head_screws_0147.stl_128.binvox,8,0,0.744214559,2.365007948,0.983626719
socket_head_screws_0148.stl_128.binvox,8,2,-1.471396116,-1.193924955,-1.327695233
socket_head_screws_0149.stl_128.binvox,8,0,1.038756598,-0.463606076,-0.053453391
socket_head_screws_0150.stl_128.binvox,8,0,-0.371772502,-0.101901122,1.576531046
socket_head_screws_0151.stl_128.binvox,8,0,0.727851112,0.694662598,0.652002265
socket_head_screws_0152.stl_128.binvox,8,0,1.051192817,0.601188284,0.842937557
socket_head_screws_0153.stl_128.binvox,8,2,-1.543068012,-1.381279993,-1.448285943
socket_head_screws_0154.stl_128.binvox,8,2,-1.373215436,-0.849695633,-1.080484276
socket_head_screws_0155.stl_128.binvox,8,0,0.727851112,0.694662598,0.652002265
socket_head_screws_0156.stl_128.binvox,8,0,0.727851112,0.288252537,0.652002265
socket_head_screws_0157.stl_128.binvox,8,0,0.744214559,2.365007948,0.983626719
socket_head_screws_0158.stl_128.binvox,8,0,0.770396073,1.019790646,0.983626719
socket_head_screws_0159.stl_128.binvox,8,0,0.727851112,0.288252537,0.652002265
socket_head_screws_0160.stl_128.binvox,8,0,0.727851112,0.288252537,0.652002265
socket_head_screws_0161.stl_128.binvox,8,0,1.038756598,-0.463606076,-0.053453391
socket_head_screws_0162.stl_128.binvox,8,0,0.770396073,1.019790646,0.983626719
socket_head_screws_0163.stl_128.binvox,8,2,-1.373215436,-0.849695633,-1.080484276
socket_head_screws_0164.stl_128.binvox,8,0,0.727851112,0.694662598,0.652002265
socket_head_screws_0165.stl_128.binvox,8,0,-0.928129688,0.824713817,-0.811165023
socket_head_screws_0166.stl_128.binvox,8,0,0.727851112,0.694662598,0.652002265
socket_head_screws_0167.stl_128.binvox,8,0,0.770396073,1.019790646,0.983626719
socket_head_screws_0168.stl_128.binvox,8,0,0.93075785,-0.126285725,0.008851809
socket_head_screws_0169.stl_128.binvox,8,0,0.727851112,0.694662598,0.652002265
socket_head_screws_0170.stl_128.binvox,8,0,-0.371772502,-0.101901122,1.576531046
socket_head_screws_0171.stl_128.binvox,8,0,1.038756598,-0.463606076,-0.053453391
socket_head_screws_0172.stl_128.binvox,8,0,-0.928129688,0.824713817,-0.811165023
socket_head_screws_0173.stl_128.binvox,8,0,0.770396073,1.019790646,0.983626719
socket_head_screws_0174.stl_128.binvox,8,0,0.770396073,1.019790646,0.983626719
socket_head_screws_0175.stl_128.binvox,8,0,1.038756598,-0.463606076,-0.053453391
socket_head_screws_0176.stl_128.binvox,8,0,-0.937947756,-0.744029018,-0.760918893
socket_head_screws_0177.stl_128.binvox,8,0,0.770396073,1.019790646,0.983626719
socket_head_screws_0178.stl_128.binvox,8,0,0.744214559,2.365007948,0.983626719
socket_head_screws_0179.stl_128.binvox,8,0,0.721305733,0.430496058,0.652002265
socket_head_screws_0180.stl_128.binvox,8,0,-0.928129688,0.824713817,-0.811165023
socket_head_screws_0181.stl_128.binvox,8,0,0.727851112,0.694662598,0.652002265
socket_head_screws_0182.stl_128.binvox,8,0,-0.937947756,-0.744029018,-0.760918893
socket_head_screws_0183.stl_128.binvox,8,0,1.038756598,-0.463606076,-0.053453391
socket_head_screws_0184.stl_128.binvox,8,0,0.744214559,2.365007948,0.983626719
socket_head_screws_0185.stl_128.binvox,8,0,0.770396073,1.019790646,0.983626719
socket_head_screws_0186.stl_128.binvox,8,0,0.744214559,2.365007948,0.983626719
socket_head_screws_0187.stl_128.binvox,8,2,-1.471396116,-1.193924955,-1.327695233
socket_head_screws_0188.stl_128.binvox,8,0,1.051192817,0.601188284,0.842937557
socket_head_screws_0189.stl_128.binvox,8,0,0.727851112,0.288252537,0.652002265
socket_head_screws_0190.stl_128.binvox,8,0,-0.928129688,0.824713817,-0.811165023
socket_head_screws_0191.stl_128.binvox,8,2,-1.373215436,-0.849695633,-1.080484276
socket_head_screws_0192.stl_128.binvox,8,0,-0.371772502,-0.101901122,1.576531046
socket_head_screws_0193.stl_128.binvox,8,2,-1.373215436,-0.849695633,-1.080484276
socket_head_screws_0194.stl_128.binvox,8,0,0.721305733,0.430496058,0.652002265
socket_head_screws_0195.stl_128.binvox,8,0,1.051192817,0.601188284,0.842937557
socket_head_screws_0196.stl_128.binvox,8,0,1.038756598,-0.463606076,-0.053453391
socket_head_screws_0197.stl_128.binvox,8,0,0.770396073,1.019790646,0.983626719
socket_head_screws_0198.stl_128.binvox,8,0,0.727851112,0.694662598,0.652002265
socket_head_screws_0199.stl_128.binvox,8,0,0.93075785,-0.126285725,0.008851809
socket_head_screws_0200.stl_128.binvox,8,0,0.721305733,0.430496058,0.652002265
socket_head_screws_0201.stl_128.binvox,8,0,1.051192817,0.601188284,0.842937557
socket_head_screws_0202.stl_128.binvox,8,0,0.727851112,0.288252537,0.652002265
socket_head_screws_0203.stl_128.binvox,8,0,-0.937947756,-0.744029018,-0.760918893
